2025-01-17 08:16:34,864 - INFO - helpers_bot.py - danndato:[94maaaaa[0m
2025-01-17 08:16:36,476 - INFO - helpers_bot.py - danndato:[94mmensajes[0m
2025-01-17 08:16:36,991 - INFO - helpers_bot.py - danndato:[94mxd[0m
2025-01-17 08:16:37,421 - INFO - helpers_bot.py - danndato:[94mxd[0m
2025-01-17 08:16:38,149 - INFO - helpers_bot.py - danndato:[94mhola[0m
2025-01-17 08:16:39,042 - INFO - helpers_bot.py - danndato:[94m!hola[0m
2025-01-17 08:23:02,368 - INFO - helpers_bot.py - danndato:[94maaa[0m
2025-01-17 08:23:03,001 - INFO - helpers_bot.py - danndato:[94maaa[0m
2025-01-17 08:23:03,589 - INFO - helpers_bot.py - danndato:[94maaa[0m
2025-01-17 08:23:06,779 - INFO - helpers_bot.py - danndato:[94m!primero[0m
2025-01-17 08:23:06,816 - INFO - helpers.py - No hay stream activo en la base de datos, verificando en Twitch...
2025-01-17 08:23:06,822 - INFO - helpers.py - Intento 1 de 5...
2025-01-17 08:23:07,281 - INFO - helpers.py - danndato está offline según Twitch.
2025-01-17 08:23:07,282 - INFO - helpers.py - Intento 2 de 5...
2025-01-17 08:23:07,559 - INFO - helpers.py - danndato está offline según Twitch.
2025-01-17 08:23:07,559 - INFO - helpers.py - Intento 3 de 5...
2025-01-17 08:23:07,849 - INFO - helpers.py - danndato está offline según Twitch.
2025-01-17 08:23:07,849 - INFO - helpers.py - Intento 4 de 5...
2025-01-17 08:23:08,137 - INFO - helpers.py - danndato está offline según Twitch.
2025-01-17 08:23:08,137 - INFO - helpers.py - Intento 5 de 5...
2025-01-17 08:23:08,422 - INFO - helpers.py - danndato está offline según Twitch.
2025-01-17 08:23:08,432 - INFO - helpers.py - danndato sigue offline después de 5 intentos.
2025-01-17 09:41:37,799 - WARNING - bot.py - Cargando token...

2025-01-17 09:41:37,802 - INFO - bot.py - -> Iniciando módulos Twitch
2025-01-17 09:41:38,784 - INFO - websocket.py - Successfully logged onto Twitch WS: danndato
2025-01-17 09:41:39,005 - INFO - helpers_bot.py - [1;35mdanndato se ha unido[0m
2025-01-17 09:41:39,005 - INFO - bot.py - Bot conectado como danndato
2025-01-17 09:41:39,008 - INFO - bot.py - En el canal: 439400816
2025-01-17 09:43:07,695 - WARNING - bot.py - Cargando token...

2025-01-17 09:43:07,695 - INFO - bot.py - -> Iniciando módulos Twitch
2025-01-17 09:43:08,729 - INFO - websocket.py - Successfully logged onto Twitch WS: danndato
2025-01-17 09:43:08,915 - INFO - helpers_bot.py - [1;35mdanndato se ha unido[0m
2025-01-17 09:43:08,915 - INFO - bot.py - Bot conectado como danndato
2025-01-17 09:43:08,915 - INFO - bot.py - En el canal: 439400816
2025-01-17 09:43:10,835 - INFO - helpers_bot.py - [94mdanndato[0m:[94maa[0m
2025-01-17 09:43:28,648 - WARNING - bot.py - Cargando token...

2025-01-17 09:43:28,653 - INFO - bot.py - -> Iniciando módulos Twitch
2025-01-17 09:43:29,517 - INFO - websocket.py - Successfully logged onto Twitch WS: danndato
2025-01-17 09:43:29,685 - INFO - helpers_bot.py - [1;35mdanndato se ha unido[0m
2025-01-17 09:43:29,686 - INFO - bot.py - Bot conectado como danndato
2025-01-17 09:43:29,687 - INFO - bot.py - En el canal: 439400816
2025-01-17 09:43:31,081 - INFO - helpers_bot.py - [24mdanndato[0m:[94maa[0m
2025-01-17 09:43:32,825 - INFO - helpers_bot.py - [24mdanndato[0m:[94maa[0m
2025-01-17 09:43:55,368 - WARNING - bot.py - Cargando token...

2025-01-17 09:43:55,371 - INFO - bot.py - -> Iniciando módulos Twitch
2025-01-17 09:43:56,150 - INFO - websocket.py - Successfully logged onto Twitch WS: danndato
2025-01-17 09:43:56,331 - INFO - helpers_bot.py - [1;35mdanndato se ha unido[0m
2025-01-17 09:43:56,332 - INFO - bot.py - Bot conectado como danndato
2025-01-17 09:43:56,332 - INFO - bot.py - En el canal: 439400816
2025-01-17 09:43:59,605 - INFO - helpers_bot.py - [36mdanndato[0m:[94maaaa[0m
2025-01-17 09:44:58,042 - WARNING - bot.py - Cargando token...

2025-01-17 09:44:58,049 - INFO - bot.py - -> Iniciando módulos Twitch
2025-01-17 09:44:59,001 - INFO - websocket.py - Successfully logged onto Twitch WS: danndato
2025-01-17 09:44:59,152 - INFO - helpers_bot.py - [1;35mdanndato se ha unido[0m
2025-01-17 09:44:59,152 - INFO - bot.py - Bot conectado como danndato
2025-01-17 09:44:59,152 - INFO - bot.py - En el canal: 439400816
2025-01-17 09:45:01,306 - INFO - helpers_bot.py - [1;33mdanndato[0m:[94mwasdw[0m
2025-01-17 09:45:02,788 - INFO - helpers_bot.py - [1;33mdanndato[0m:[94mdwasdw[0m
2025-01-17 09:45:03,528 - INFO - helpers_bot.py - [1;33mdanndato[0m:[94masdwa[0m
2025-01-17 09:45:04,260 - INFO - helpers_bot.py - [1;33mdanndato[0m:[94msdwasd[0m
2025-01-17 09:45:04,712 - INFO - helpers_bot.py - [1;33mdanndato[0m:[94mwasd[0m
2025-01-17 09:45:33,200 - WARNING - bot.py - Cargando token...

2025-01-17 09:45:33,218 - INFO - bot.py - -> Iniciando módulos Twitch
2025-01-17 09:45:34,112 - INFO - websocket.py - Successfully logged onto Twitch WS: danndato
2025-01-17 09:45:34,265 - INFO - helpers_bot.py - [1;35mdanndato se ha unido[0m
2025-01-17 09:45:34,265 - INFO - bot.py - Bot conectado como danndato
2025-01-17 09:45:34,265 - INFO - bot.py - En el canal: 439400816
2025-01-17 09:45:35,605 - INFO - helpers_bot.py - [1;33mdanndato[0m:[1;36mdwasdwa[0m
2025-01-17 09:45:36,126 - INFO - helpers_bot.py - [1;33mdanndato[0m:[1;36msdwasd[0m
2025-01-17 09:45:36,556 - INFO - helpers_bot.py - [1;33mdanndato[0m:[1;36mwasd[0m
2025-01-17 09:45:37,293 - INFO - helpers_bot.py - [1;33mdanndato[0m:[1;36mwasdwa[0m
2025-01-17 09:45:37,875 - INFO - helpers_bot.py - [1;33mdanndato[0m:[1;36msdwas[0m
2025-01-17 09:45:38,465 - INFO - helpers_bot.py - [1;33mdanndato[0m:[1;36mdwasd[0m
2025-01-17 09:45:39,100 - INFO - helpers_bot.py - [1;33mdanndato[0m:[1;36mwasdwa[0m
2025-01-17 09:45:39,592 - INFO - helpers_bot.py - [1;33mdanndato[0m:[1;36msdwas[0m
2025-01-17 09:45:42,208 - INFO - helpers_bot.py - [1;33mdanndato[0m:[1;36mdwasd[0m
2025-01-17 09:45:58,678 - INFO - helpers_bot.py - [1;33mdanndato[0m:[1;36my[0m
2025-01-17 09:46:55,578 - WARNING - bot.py - Cargando token...

2025-01-17 09:46:55,584 - INFO - bot.py - -> Iniciando módulos Twitch
2025-01-17 09:46:56,593 - INFO - websocket.py - Successfully logged onto Twitch WS: danndato
2025-01-17 09:46:56,760 - INFO - helpers_bot.py - [1;35mdanndato se ha unido[0m
2025-01-17 09:46:56,760 - INFO - bot.py - Bot conectado como danndato
2025-01-17 09:46:56,760 - INFO - bot.py - En el canal: 439400816
2025-01-17 09:47:17,090 - WARNING - bot.py - Cargando token...

2025-01-17 09:47:17,096 - INFO - bot.py - -> Iniciando módulos Twitch
2025-01-17 09:47:17,873 - INFO - websocket.py - Successfully logged onto Twitch WS: danndato
2025-01-17 09:47:18,059 - INFO - helpers_bot.py - [1;35mdanndato se ha unido[0m
2025-01-17 09:47:18,060 - INFO - bot.py - Bot conectado como danndato
2025-01-17 09:47:18,061 - INFO - bot.py - En el canal: 439400816
2025-01-17 09:47:51,196 - WARNING - bot.py - Cargando token...

2025-01-17 09:47:51,207 - INFO - bot.py - -> Iniciando módulos Twitch
2025-01-17 09:47:52,241 - INFO - websocket.py - Successfully logged onto Twitch WS: danndato
2025-01-17 09:47:52,404 - INFO - helpers_bot.py - [1;35mdanndato se ha unido[0m
2025-01-17 09:47:52,414 - INFO - bot.py - Bot conectado como danndato
2025-01-17 09:47:52,416 - INFO - bot.py - En el canal: 439400816
2025-01-17 09:48:05,981 - WARNING - bot.py - Cargando token...

2025-01-17 09:48:05,994 - INFO - bot.py - -> Iniciando módulos Twitch
2025-01-17 09:48:07,128 - INFO - websocket.py - Successfully logged onto Twitch WS: danndato
2025-01-17 09:48:07,289 - INFO - helpers_bot.py - [1;35mdanndato se ha unido[0m
2025-01-17 09:48:07,299 - INFO - bot.py - Bot conectado como danndato
2025-01-17 09:48:07,299 - INFO - bot.py - En el canal: 439400816
2025-01-17 09:48:29,839 - WARNING - bot.py - Cargando token...

2025-01-17 09:48:29,853 - INFO - bot.py - -> Iniciando módulos Twitch
2025-01-17 09:48:30,618 - INFO - websocket.py - Successfully logged onto Twitch WS: danndato
2025-01-17 09:48:30,760 - INFO - helpers_bot.py - [1;35mdanndato se ha unido[0m
2025-01-17 09:48:30,764 - INFO - bot.py - Bot conectado como danndato
2025-01-17 09:48:30,764 - INFO - bot.py - En el canal: 439400816
2025-01-17 09:48:45,288 - WARNING - bot.py - Cargando token...

2025-01-17 09:48:45,296 - INFO - bot.py - -> Iniciando módulos Twitch
2025-01-17 09:48:46,078 - INFO - websocket.py - Successfully logged onto Twitch WS: danndato
2025-01-17 09:48:46,266 - INFO - helpers_bot.py - [1;35mdanndato se ha unido[0m
2025-01-17 09:48:46,267 - INFO - bot.py - Bot conectado como danndato
2025-01-17 09:48:46,268 - INFO - bot.py - En el canal: 439400816
2025-01-17 09:49:28,065 - WARNING - bot.py - Cargando token...

2025-01-17 09:49:28,071 - INFO - bot.py - -> Iniciando módulos Twitch
2025-01-17 09:49:28,934 - INFO - websocket.py - Successfully logged onto Twitch WS: danndato
2025-01-17 09:49:29,052 - INFO - helpers_bot.py - [1;35mdanndato se ha unido[0m
2025-01-17 09:49:29,053 - INFO - bot.py - Bot conectado como danndato
2025-01-17 09:49:29,054 - INFO - bot.py - En el canal: [0m439400816
2025-01-17 09:49:40,312 - INFO - helpers_bot.py - [1;33mdanndato[0m:[94m!ladrillo[0m
2025-01-17 09:49:40,433 - INFO - helpers_stats.py - Estadísticas actualizadas: ladrillos | channel: 1
2025-01-17 09:49:40,582 - INFO - helpers_stats.py - Estadísticas actualizadas: xp_Resistencia | danndato: 0.15
2025-01-17 09:49:43,109 - INFO - helpers_bot.py - [1;33mdanndato[0m:[94m!memide[0m
2025-01-17 09:49:58,572 - INFO - helpers_bot.py - [1;33mdanndato[0m:[94m!mecaben[0m
2025-01-17 13:29:51,811 - WARNING - bot.py - Cargando token...

2025-01-17 13:29:51,826 - INFO - bot.py - -> Iniciando módulos Twitch
2025-01-17 13:29:52,712 - INFO - websocket.py - Successfully logged onto Twitch WS: danndato
2025-01-17 13:29:52,940 - INFO - helpers_bot.py - [1;35mdanndato se ha unido[0m
2025-01-17 13:29:52,940 - INFO - bot.py - Bot conectado como danndato
2025-01-17 13:29:52,941 - INFO - bot.py - En el canal: [0m439400816
2025-01-17 14:56:19,747 - WARNING - bot.py - Cargando token...

2025-01-17 14:56:19,750 - INFO - bot.py - -> Iniciando módulos Twitch
2025-01-17 14:56:20,724 - INFO - websocket.py - Successfully logged onto Twitch WS: danndato
2025-01-17 14:56:20,834 - INFO - helpers_bot.py - [1;35mdanndato se ha unido[0m
2025-01-17 14:56:20,835 - INFO - bot.py - Bot conectado como danndato
2025-01-17 14:56:20,835 - INFO - bot.py - En el canal: [0m439400816
2025-01-17 16:04:21,144 - WARNING - bot.py - Cargando token...

2025-01-17 16:04:21,154 - INFO - bot.py - -> Iniciando módulos Twitch
2025-01-17 16:04:22,184 - INFO - websocket.py - Successfully logged onto Twitch WS: danndato
2025-01-17 16:04:22,303 - INFO - helpers_bot.py - [1;35mdanndato se ha unido[0m
2025-01-17 16:04:22,304 - INFO - bot.py - Bot conectado como danndato
2025-01-17 16:04:22,305 - INFO - bot.py - En el canal: [0m439400816
2025-01-17 18:13:16,186 - INFO - helpers_bot.py - [1;35mdaividjb12 se ha unido[0m
2025-01-17 18:18:33,998 - INFO - helpers_bot.py - [1;35mdaividjb12 se ha unido[0m
2025-01-17 18:29:09,822 - INFO - helpers_bot.py - [1;35mdaividjb12 se ha unido[0m
2025-01-17 18:38:37,923 - INFO - helpers_bot.py - [1;35mdaividjb12 se ha unido[0m
2025-01-17 18:48:05,293 - INFO - helpers_bot.py - [1;35mdaividjb12 se ha unido[0m
2025-01-17 19:01:55,291 - INFO - helpers_bot.py - [1;35mdaividjb12 se ha unido[0m
2025-01-17 19:03:02,358 - INFO - helpers_bot.py - [1;35mdani_14k se ha unido[0m
2025-01-17 19:05:16,769 - INFO - helpers_bot.py - [1;35mdaividjb12 se ha unido[0m
2025-01-17 19:07:13,824 - INFO - helpers_bot.py - [1;35mlacrimotaku se ha unido[0m
2025-01-17 19:08:10,953 - INFO - helpers_bot.py - [1;35mdaividjb12 se ha unido[0m
2025-01-17 19:09:15,303 - INFO - helpers_bot.py - [1;35mlacrimotaku se ha unido[0m
2025-01-17 19:11:14,342 - INFO - helpers_bot.py - [1;35mdani_14k se ha unido[0m
2025-01-17 19:11:14,381 - INFO - helpers_bot.py - [1;35mlacrimotaku se ha unido[0m
2025-01-17 19:13:20,440 - INFO - helpers_bot.py - [1;35mdani_14k se ha unido[0m
2025-01-17 19:15:33,226 - INFO - helpers_bot.py - [1;35mdaividjb12 se ha unido[0m
2025-01-17 19:18:52,347 - INFO - helpers_bot.py - [1;35mlacrimotaku se ha unido[0m
2025-01-17 19:19:21,635 - INFO - helpers_bot.py - [1;33mdanndato[0m:[94m!ini[0m
2025-01-17 19:19:21,648 - INFO - helpers_admin.py - Último stream finalizado correctamente el 2025-01-15 23:41:11.
2025-01-17 19:19:21,686 - INFO - helpers_admin.py - Nuevo stream iniciado correctamente a las 2025-01-17 19:19:21.
2025-01-17 19:19:33,841 - INFO - helpers_bot.py - [1;33mdanndato[0m:[94mdanndato[0m
2025-01-17 19:19:43,525 - INFO - helpers_bot.py - [1;33mdaividjb12[0m:[94m!primero[0m
2025-01-17 19:19:43,539 - WARNING - helpers.py - Un stream está activo según la base de datos.
2025-01-17 19:19:43,614 - INFO - helpers_stats.py - Estadísticas actualizadas: first_user | daividjb12: 1
2025-01-17 19:19:43,668 - INFO - helpers_stats.py - Estadísticas actualizadas: xp_Fuerza | daividjb12: 3
2025-01-17 19:19:43,759 - INFO - helpers_bot.py - [1;33mmarlightwi[0m:[94m!primero[0m
2025-01-17 19:19:43,781 - WARNING - helpers.py - Un stream está activo según la base de datos.
2025-01-17 19:19:43,851 - INFO - helpers_stats.py - Estadísticas actualizadas: first_user | marlightwi: 1
2025-01-17 19:19:43,930 - INFO - helpers_stats.py - Estadísticas actualizadas: xp_Fuerza | marlightwi: 3
2025-01-17 19:19:48,510 - INFO - helpers_bot.py - [1;33mdaividjb12[0m:[94mkakajajajaj[0m
2025-01-17 19:19:50,537 - INFO - helpers_bot.py - [1;33mdanndato[0m:[94mora[0m
2025-01-17 19:19:51,572 - INFO - helpers_bot.py - [1;33mdanndato[0m:[94mora[0m
2025-01-17 19:19:52,910 - INFO - helpers_bot.py - [1;33mdanndato[0m:[94mjajajajaj[0m
2025-01-17 19:19:54,677 - INFO - helpers_bot.py - [1;33mdaividjb12[0m:[94mgrande[0m
2025-01-17 19:19:54,898 - INFO - helpers_bot.py - [1;33mdanndato[0m:[94mlo[0m
2025-01-17 19:19:58,715 - INFO - helpers_bot.py - [1;35mdani_14k se ha unido[0m
2025-01-17 19:20:00,139 - INFO - helpers_bot.py - [1;33mmarlightwi[0m:[94mjqjjwjqjqk[0m
2025-01-17 19:20:00,275 - INFO - helpers_bot.py - [1;33mlacrimotaku[0m:[94mhola[0m
2025-01-17 19:20:03,589 - INFO - helpers_bot.py - [1;33mdaividjb12[0m:[94mfue[0m
2025-01-17 19:20:03,769 - INFO - helpers_bot.py - [1;33mdanndato[0m:[94majjaajjaajaj[0m
2025-01-17 19:20:09,985 - INFO - helpers_bot.py - [1;33mdanndato[0m:[94ma[0m
2025-01-17 19:20:17,931 - INFO - helpers_bot.py - [1;33mdanndato[0m:[94momagaaa[0m
2025-01-17 19:20:18,878 - INFO - helpers_bot.py - [1;33mdanndato[0m:[94mjajajaja[0m
2025-01-17 19:20:19,193 - INFO - helpers_bot.py - [1;33mdaividjb12[0m:[94m!primero[0m
2025-01-17 19:20:19,211 - WARNING - helpers.py - Un stream está activo según la base de datos.
2025-01-17 19:20:19,317 - INFO - helpers_stats.py - Estadísticas actualizadas: first_user | daividjb12: 1
2025-01-17 19:20:19,375 - INFO - helpers_stats.py - Estadísticas actualizadas: xp_Fuerza | daividjb12: 3
2025-01-17 19:20:19,706 - INFO - helpers_bot.py - [1;33mmarlightwi[0m:[94m!primero[0m
2025-01-17 19:20:19,722 - WARNING - helpers.py - Un stream está activo según la base de datos.
2025-01-17 19:20:19,824 - INFO - helpers_stats.py - Estadísticas actualizadas: first_user | marlightwi: 1
2025-01-17 19:20:19,908 - INFO - helpers_stats.py - Estadísticas actualizadas: xp_Fuerza | marlightwi: 3
2025-01-17 19:20:22,678 - INFO - helpers_bot.py - [1;33mdaividjb12[0m:[94meh[0m
2025-01-17 19:20:23,811 - INFO - helpers_bot.py - [1;33mdanndato[0m:[94mperaa[0m
2025-01-17 19:20:24,593 - INFO - helpers_bot.py - [1;33mdanndato[0m:[94mperaa[0m
2025-01-17 19:20:25,504 - INFO - helpers_bot.py - [1;33mdanndato[0m:[94mperaaa[0m
2025-01-17 19:20:26,046 - INFO - helpers_bot.py - [1;33mdaividjb12[0m:[94manda[0m
2025-01-17 19:20:26,130 - INFO - helpers_bot.py - [1;33mmarlightwi[0m:[94majjsjqjaja[0m
2025-01-17 19:20:26,262 - INFO - helpers_bot.py - [1;33mdanndato[0m:[94mnooo[0m
2025-01-17 19:20:27,044 - INFO - helpers_bot.py - [1;33mdanndato[0m:[94mjajajaja[0m
2025-01-17 19:20:29,012 - INFO - helpers_bot.py - [1;33mdanndato[0m:[94maloooo[0m
2025-01-17 19:20:36,470 - INFO - helpers_bot.py - [1;33mmarlightwi[0m:[94m!primero[0m
2025-01-17 19:20:36,488 - WARNING - helpers.py - Un stream está activo según la base de datos.
2025-01-17 19:20:36,563 - INFO - helpers_stats.py - Estadísticas actualizadas: first_user | marlightwi: 1
2025-01-17 19:20:36,620 - INFO - helpers_stats.py - Estadísticas actualizadas: xp_Fuerza | marlightwi: 3
2025-01-17 19:20:38,119 - INFO - helpers_bot.py - [1;33mdaividjb12[0m:[94meh[0m
2025-01-17 19:20:43,697 - INFO - helpers_bot.py - [1;33mvalenaath[0m:[94mdannda3khe[0m
2025-01-17 19:20:46,294 - INFO - helpers_bot.py - [1;33mdaividjb12[0m:[94mllegamos[0m
2025-01-17 19:20:50,333 - INFO - helpers_bot.py - [1;33mmarlightwi[0m:[94mque[0m
2025-01-17 19:20:54,277 - INFO - helpers_bot.py - [1;33mdaividjb12[0m:[94msean[0m
2025-01-17 19:20:59,334 - INFO - helpers_bot.py - [1;33mdaividjb12[0m:[94mpunto[0m
2025-01-17 19:21:03,388 - INFO - helpers_bot.py - [1;33mmarlightwi[0m:[94ma[0m
2025-01-17 19:21:04,178 - INFO - helpers_bot.py - [1;35mmarlightwi se ha unido[0m
2025-01-17 19:21:04,220 - INFO - helpers_bot.py - [1;35mvalenaath se ha unido[0m
2025-01-17 19:21:09,446 - INFO - helpers_bot.py - [1;33mmarlightwi[0m:[94manuncio[0m
2025-01-17 19:21:11,209 - INFO - helpers_bot.py - [1;33mdaividjb12[0m:[94m!primero[0m
2025-01-17 19:21:11,225 - WARNING - helpers.py - Un stream está activo según la base de datos.
2025-01-17 19:21:11,346 - INFO - helpers_stats.py - Estadísticas actualizadas: first_user | daividjb12: 1
2025-01-17 19:21:11,370 - INFO - helpers_stats.py - Estadísticas actualizadas: xp_Fuerza | daividjb12: 3
2025-01-17 19:21:15,178 - INFO - helpers_bot.py - [1;33mdaividjb12[0m:[94mjiji[0m
2025-01-17 19:21:17,934 - INFO - helpers_bot.py - [1;33mdaividjb12[0m:[94mjajajaja[0m
2025-01-17 19:21:26,980 - INFO - helpers_bot.py - [1;33mvalenaath[0m:[94m!primero[0m
2025-01-17 19:21:26,992 - WARNING - helpers.py - Un stream está activo según la base de datos.
2025-01-17 19:21:27,061 - INFO - helpers_stats.py - Estadísticas actualizadas: first_user | valenaath: 1
2025-01-17 19:21:27,093 - INFO - helpers_stats.py - Estadísticas actualizadas: xp_Fuerza | valenaath: 3
2025-01-17 19:21:42,597 - INFO - helpers_bot.py - [1;33mvalenaath[0m:[94mjjajakshskd[0m
2025-01-17 19:21:43,512 - INFO - helpers_bot.py - [1;33mdaividjb12[0m:[94maprovechen[0m
2025-01-17 19:21:46,755 - INFO - helpers_bot.py - [1;33mdaividjb12[0m:[94mrápido[0m
2025-01-17 19:26:15,946 - WARNING - bot.py - Cargando token...

2025-01-17 19:26:15,958 - INFO - bot.py - -> Iniciando módulos Twitch
2025-01-17 19:26:16,962 - INFO - websocket.py - Successfully logged onto Twitch WS: danndato
2025-01-17 19:26:17,079 - INFO - helpers_bot.py - [1;35mdanndato se ha unido[0m
2025-01-17 19:26:17,081 - INFO - bot.py - Bot conectado como danndato
2025-01-17 19:26:17,082 - INFO - bot.py - En el canal: [0m439400816
2025-01-17 19:26:18,932 - INFO - helpers_bot.py - [1;33mlinea_de_vida_oficial[0m:[94mno[0m
2025-01-17 19:26:21,119 - INFO - helpers_bot.py - [1;33mmarlightwi[0m:[94mpero[0m
2025-01-17 19:26:27,428 - INFO - helpers_bot.py - [1;33mmarlightwi[0m:[94m!primero[0m
2025-01-17 19:26:27,453 - WARNING - helpers.py - Un stream está activo según la base de datos.
2025-01-17 19:26:33,168 - INFO - helpers_bot.py - [1;33mmarlightwi[0m:[94mshingao[0m
2025-01-17 19:26:38,619 - INFO - helpers_bot.py - [1;33mdaividjb12[0m:[94m@marlightwi[0m
2025-01-17 19:26:49,858 - INFO - helpers_bot.py - [1;33mtanijane37[0m:[94m!sr[0m
2025-01-17 19:26:49,860 - INFO - general.py - tanijane37Uso SR
2025-01-17 19:26:50,202 - INFO - helpers_bot.py - [1;33mnightbot[0m:[94m@tanijane37[0m
2025-01-17 19:26:53,470 - INFO - helpers_bot.py - [1;33mvalenaath[0m:[94m@daividjb12[0m
2025-01-17 19:26:55,210 - INFO - helpers_bot.py - [1;33mmarlightwi[0m:[94m@daividjb12[0m
2025-01-17 19:26:58,058 - INFO - helpers_bot.py - [1;33mdragomontana23[0m:[94mcómo[0m
2025-01-17 19:27:00,408 - INFO - helpers_bot.py - [1;33mmryiin_[0m:[94mya[0m
2025-01-17 19:27:09,216 - INFO - helpers_bot.py - [1;33mborre_temach[0m:[94mcheer1[0m
2025-01-17 19:27:12,035 - INFO - helpers_bot.py - [1;33mmryiin_[0m:[94m!ladrillo[0m
2025-01-17 19:27:12,076 - INFO - helpers_stats.py - Estadísticas actualizadas: ladrillos | channel: 1
2025-01-17 19:27:12,112 - INFO - helpers_stats.py - Estadísticas actualizadas: xp_Resistencia | mryiin_: 0.15
2025-01-17 19:27:17,510 - INFO - helpers_bot.py - [1;33mdaividjb12[0m:[94m@valenaath[0m
2025-01-17 19:27:17,575 - INFO - helpers_bot.py - [1;33mtanijane37[0m:[94m!sr[0m
2025-01-17 19:27:17,576 - INFO - general.py - tanijane37Uso SR
2025-01-17 19:27:17,948 - INFO - helpers_bot.py - [1;33mnightbot[0m:[94m@tanijane37[0m
2025-01-17 19:27:19,226 - INFO - helpers_bot.py - [1;33mlinea_de_vida_oficial[0m:[94mmuchas[0m
2025-01-17 19:27:20,171 - INFO - helpers_bot.py - [1;35mlinea_de_vida_oficial se ha unido[0m
2025-01-17 19:27:20,202 - INFO - helpers_bot.py - [1;35mmarlightwi se ha unido[0m
2025-01-17 19:27:20,226 - INFO - helpers_bot.py - [1;35mdaividjb12 se ha unido[0m
2025-01-17 19:27:20,252 - INFO - helpers_bot.py - [1;35mlauunieves se ha unido[0m
2025-01-17 19:27:20,291 - INFO - helpers_bot.py - [1;35mlacrimotaku se ha unido[0m
2025-01-17 19:27:20,321 - INFO - helpers_bot.py - [1;35mtanijane37 se ha unido[0m
2025-01-17 19:27:20,351 - INFO - helpers_bot.py - [1;35mvalenaath se ha unido[0m
2025-01-17 19:27:20,380 - INFO - helpers_bot.py - [1;35mdani_14k se ha unido[0m
2025-01-17 19:27:26,576 - INFO - helpers_bot.py - [1;33malexcorell23[0m:[94maloooo[0m
2025-01-17 19:27:28,502 - INFO - helpers_bot.py - [1;33mdaividjb12[0m:[94m!ladrillo[0m
2025-01-17 19:27:28,552 - INFO - helpers_stats.py - Estadísticas actualizadas: ladrillos | channel: 1
2025-01-17 19:27:28,587 - INFO - helpers_stats.py - Estadísticas actualizadas: xp_Resistencia | daividjb12: 0.15
2025-01-17 19:27:29,689 - INFO - helpers_bot.py - [1;33mmryiin_[0m:[94m!primero[0m
2025-01-17 19:27:29,701 - WARNING - helpers.py - Un stream está activo según la base de datos.
2025-01-17 19:27:30,446 - INFO - helpers_bot.py - [1;33mdaividjb12[0m:[94m!ladrillo[0m
2025-01-17 19:27:30,487 - INFO - helpers_stats.py - Estadísticas actualizadas: ladrillos | channel: 1
2025-01-17 19:27:30,526 - INFO - helpers_stats.py - Estadísticas actualizadas: xp_Resistencia | daividjb12: 0.15
2025-01-17 19:27:32,940 - INFO - helpers_bot.py - [1;33mdaividjb12[0m:[94m!ladrillo[0m
2025-01-17 19:27:32,994 - INFO - helpers_stats.py - Estadísticas actualizadas: ladrillos | channel: 1
2025-01-17 19:27:33,039 - INFO - helpers_stats.py - Estadísticas actualizadas: xp_Resistencia | daividjb12: 0.15
2025-01-17 19:27:35,151 - INFO - helpers_bot.py - [1;33mdaividjb12[0m:[94m!ladrillo[0m
2025-01-17 19:27:35,179 - INFO - helpers_stats.py - Estadísticas actualizadas: ladrillos | channel: 1
2025-01-17 19:27:35,224 - INFO - helpers_stats.py - Estadísticas actualizadas: xp_Resistencia | daividjb12: 0.15
2025-01-17 19:27:37,438 - INFO - helpers_bot.py - [1;33mdaividjb12[0m:[94m!ladrillo[0m
2025-01-17 19:27:37,484 - INFO - helpers_stats.py - Estadísticas actualizadas: ladrillos | channel: 1
2025-01-17 19:27:37,525 - INFO - helpers_stats.py - Estadísticas actualizadas: xp_Resistencia | daividjb12: 0.15
2025-01-17 19:27:39,331 - INFO - helpers_bot.py - [1;33mdaividjb12[0m:[94m!ladrillo[0m
2025-01-17 19:27:39,375 - INFO - helpers_stats.py - Estadísticas actualizadas: ladrillos | channel: 1
2025-01-17 19:27:39,421 - INFO - helpers_stats.py - Estadísticas actualizadas: xp_Resistencia | daividjb12: 0.15
2025-01-17 19:27:43,936 - INFO - helpers_bot.py - [1;33mtanijane37[0m:[94m!ladrillo[0m
2025-01-17 19:27:43,989 - INFO - helpers_stats.py - Estadísticas actualizadas: ladrillos | channel: 1
2025-01-17 19:27:44,026 - INFO - helpers_stats.py - Estadísticas actualizadas: xp_Resistencia | tanijane37: 0.15
2025-01-17 19:27:44,564 - INFO - helpers_bot.py - [1;33mdaividjb12[0m:[94mque[0m
2025-01-17 19:28:01,523 - INFO - helpers_bot.py - [1;33mdragomontana23[0m:[94mno[0m
2025-01-17 19:28:05,422 - INFO - helpers_bot.py - [1;33mlacrimotaku[0m:[94mcarne[0m
2025-01-17 19:28:05,503 - INFO - helpers_bot.py - [1;33mdragomontana23[0m:[94mxd[0m
2025-01-17 19:28:05,582 - INFO - helpers_bot.py - [1;33mdaividjb12[0m:[94mdato[0m
2025-01-17 19:28:17,134 - INFO - helpers_bot.py - [1;33mlacrimotaku[0m:[94my[0m
2025-01-17 19:28:17,227 - INFO - helpers_bot.py - [1;33mmarlightwi[0m:[94mcuánto[0m
2025-01-17 19:28:22,495 - INFO - helpers_bot.py - [1;35mmryiin_ se ha unido[0m
2025-01-17 19:28:26,165 - INFO - helpers_bot.py - [1;33mmarlightwi[0m:[94mque[0m
2025-01-17 19:28:29,784 - INFO - helpers_bot.py - [1;33mlinea_de_vida_oficial[0m:[94mpara[0m
2025-01-17 19:28:45,485 - INFO - helpers_bot.py - [1;33mdani_14k[0m:[94mhoy[0m
2025-01-17 19:28:45,548 - INFO - helpers_bot.py - [1;33mdaividjb12[0m:[94mjajajajja[0m
2025-01-17 19:28:49,971 - INFO - helpers_bot.py - [1;33mdaividjb12[0m:[94mcasito[0m
2025-01-17 19:28:59,941 - INFO - helpers_bot.py - [1;33mdaividjb12[0m:[94mhey[0m
2025-01-17 19:29:06,760 - INFO - helpers_bot.py - [1;33mdragomontana23[0m:[94macabo[0m
2025-01-17 19:29:09,539 - INFO - helpers_bot.py - [1;33mtanijane37[0m:[94m!currentsong[0m
2025-01-17 19:29:09,773 - INFO - helpers_bot.py - [1;33mnightbot[0m:[94m@tanijane37[0m
2025-01-17 19:29:11,294 - INFO - helpers_bot.py - [1;33mlinea_de_vida_oficial[0m:[94m6[0m
2025-01-17 19:29:17,343 - INFO - helpers_bot.py - [1;33mpavel_lonches[0m:[94may[0m
2025-01-17 19:29:20,290 - INFO - helpers_bot.py - [1;33mlinea_de_vida_oficial[0m:[94mes[0m
2025-01-17 19:29:25,718 - INFO - helpers_bot.py - [1;33mtanijane37[0m:[94mdinodance[0m
2025-01-17 19:29:26,347 - INFO - helpers_bot.py - [1;33mmarlightwi[0m:[94m@linea_de_vida_oficial[0m
2025-01-17 19:29:28,413 - INFO - helpers_bot.py - [1;33mdaividjb12[0m:[94mlife[0m
2025-01-17 19:29:30,691 - INFO - helpers_bot.py - [1;35mborre_temach se ha unido[0m
2025-01-17 19:29:30,717 - INFO - helpers_bot.py - [1;35malexcorell23 se ha unido[0m
2025-01-17 19:29:30,743 - INFO - helpers_bot.py - [1;35mdragomontana23 se ha unido[0m
2025-01-17 19:29:33,243 - INFO - helpers_bot.py - [1;33mdragomontana23[0m:[94mte[0m
2025-01-17 19:29:39,197 - INFO - helpers_bot.py - [1;33mdragomontana23[0m:[94mpor[0m
2025-01-17 19:29:57,181 - INFO - helpers_bot.py - [1;33mtanijane37[0m:[94mdannda3no[0m
2025-01-17 19:30:06,322 - INFO - helpers_bot.py - [1;33mdragomontana23[0m:[94mpasa[0m
2025-01-17 19:30:09,243 - INFO - helpers_bot.py - [1;33mdani_14k[0m:[94m!lurk[0m
2025-01-17 19:30:09,896 - INFO - helpers_bot.py - [1;33mmarlightwi[0m:[94m@linea_de_vida_oficial[0m
2025-01-17 19:30:13,638 - INFO - helpers_bot.py - [1;33mlinea_de_vida_oficial[0m:[94mjaja,[0m
2025-01-17 19:30:16,358 - INFO - helpers_bot.py - [1;33mdani_14k[0m:[94m!discord[0m
2025-01-17 19:30:17,624 - INFO - helpers_bot.py - [1;33mtanijane37[0m:[94moigan,[0m
2025-01-17 19:30:26,448 - INFO - helpers_bot.py - [1;33mlinea_de_vida_oficial[0m:[94masí[0m
2025-01-17 19:30:28,020 - INFO - helpers_bot.py - [1;33mpavel_lonches[0m:[94mmi[0m
2025-01-17 19:30:34,064 - INFO - helpers_bot.py - [1;35mlatierraesplanasiono se ha unido[0m
2025-01-17 19:30:34,102 - INFO - helpers_bot.py - [1;35mpato_rendon se ha unido[0m
2025-01-17 19:30:34,128 - INFO - helpers_bot.py - [1;35mlocochon972 se ha unido[0m
2025-01-17 19:30:34,161 - INFO - helpers_bot.py - [1;35melchihuahua4 se ha unido[0m
2025-01-17 19:30:34,190 - INFO - helpers_bot.py - [1;35mxxaliciakeysxx se ha unido[0m
2025-01-17 19:30:46,221 - INFO - helpers_bot.py - [1;33mduoszcol[0m:[94mbuenasss[0m
2025-01-17 19:30:50,080 - INFO - helpers_bot.py - [1;33mdaividjb12[0m:[94m@linea_de_vida_oficial[0m
2025-01-17 19:31:03,774 - INFO - helpers_bot.py - [1;33mtanijane37[0m:[94mcual[0m
2025-01-17 19:31:12,916 - INFO - helpers_bot.py - [1;33mduoszcol[0m:[94m<3[0m
2025-01-17 19:31:15,062 - INFO - helpers_bot.py - [1;33mlinea_de_vida_oficial[0m:[94méso[0m
2025-01-17 19:31:16,185 - INFO - helpers_bot.py - [1;33mdani_14k[0m:[94mando[0m
2025-01-17 19:31:32,923 - INFO - helpers_bot.py - [1;35mdani_14k se ha unido[0m
2025-01-17 19:31:32,962 - INFO - helpers_bot.py - [1;35mpavel_lonches se ha unido[0m
2025-01-17 19:31:33,971 - INFO - helpers_bot.py - [1;33mmarlightwi[0m:[94m@linea_de_vida_oficial[0m
2025-01-17 19:31:35,256 - INFO - helpers_bot.py - [1;33mtanijane37[0m:[94m@daividjb12[0m
2025-01-17 19:31:36,828 - INFO - helpers_bot.py - [1;33mdaividjb12[0m:[94meh[0m
2025-01-17 19:31:39,485 - INFO - helpers_bot.py - [1;33mdani_14k[0m:[94m@linea_de_vida_oficial[0m
2025-01-17 19:31:46,629 - INFO - helpers_bot.py - [1;33mlacrimotaku[0m:[94mel[0m
2025-01-17 19:31:48,678 - INFO - helpers_bot.py - [1;33mdaividjb12[0m:[94m@tanijane37[0m
2025-01-17 19:31:49,871 - INFO - helpers_bot.py - [1;33mlacrimotaku[0m:[94mtraigo[0m
2025-01-17 19:31:53,885 - INFO - helpers_bot.py - [1;33mpavel_lonches[0m:[94ma[0m
2025-01-17 19:32:14,041 - INFO - helpers_bot.py - [1;33mlinea_de_vida_oficial[0m:[94m@marlightwi[0m
2025-01-17 19:32:19,153 - INFO - helpers_bot.py - [1;33mpavel_lonches[0m:[94mcreo[0m
2025-01-17 19:32:24,450 - INFO - helpers_bot.py - [1;33mtanijane37[0m:[94m@daividjb12[0m
2025-01-17 19:32:35,167 - INFO - helpers_bot.py - [1;33mlinea_de_vida_oficial[0m:[94mgracias[0m
2025-01-17 19:32:46,317 - INFO - helpers_bot.py - [1;33mdaividjb12[0m:[94m@tanijane37[0m
2025-01-17 19:33:01,723 - INFO - helpers_bot.py - [1;33mdaividjb12[0m:[94mvende[0m
2025-01-17 19:33:06,945 - INFO - helpers_bot.py - [1;33mpavel_lonches[0m:[94mno[0m
2025-01-17 19:33:18,538 - INFO - helpers_bot.py - [1;33mtanijane37[0m:[94m@daividjb12[0m
2025-01-17 19:33:35,195 - INFO - helpers_bot.py - [1;35mduoszcol se ha unido[0m
2025-01-17 19:33:38,260 - INFO - helpers_bot.py - [1;33mdani_14k[0m:[94mhouston[0m
2025-01-17 19:33:42,748 - INFO - helpers_bot.py - [1;33mdaividjb12[0m:[94m@tanijane37[0m
2025-01-17 19:33:51,037 - INFO - helpers_bot.py - [1;33mduoszcol[0m:[94m!memide[0m
2025-01-17 19:33:54,511 - INFO - helpers_bot.py - [1;33mtanijane37[0m:[94myo[0m
2025-01-17 19:34:05,723 - INFO - helpers_bot.py - [1;33mdani_14k[0m:[94mregalame[0m
2025-01-17 19:34:07,332 - INFO - helpers_bot.py - [1;33mtanijane37[0m:[94m@daividjb12[0m
2025-01-17 19:34:08,243 - INFO - helpers_bot.py - [1;33mpavel_lonches[0m:[94msi[0m
2025-01-17 19:34:18,058 - INFO - helpers_bot.py - [1;33mlacrimotaku[0m:[94myo[0m
2025-01-17 19:34:24,999 - INFO - helpers_bot.py - [1;33mdaividjb12[0m:[94meh[0m
2025-01-17 19:34:29,983 - INFO - helpers_bot.py - [1;33mlacrimotaku[0m:[94mnel[0m
2025-01-17 19:34:45,011 - INFO - helpers_bot.py - [1;35mvalenaath se ha unido[0m
2025-01-17 19:34:58,506 - INFO - helpers_bot.py - [1;33mdaividjb12[0m:[94mdel[0m
2025-01-17 19:34:59,373 - INFO - helpers_bot.py - [1;33mdani_14k[0m:[94mchale[0m
2025-01-17 19:35:11,368 - INFO - helpers_bot.py - [1;33mdaividjb12[0m:[94mel[0m
2025-01-17 19:35:22,575 - INFO - helpers_bot.py - [1;33mlacrimotaku[0m:[94mya[0m
2025-01-17 19:35:23,573 - INFO - helpers_bot.py - [1;33mdani_14k[0m:[94m!lurk[0m
2025-01-17 19:35:24,536 - INFO - helpers_bot.py - [1;33mdaividjb12[0m:[94mentonces[0m
2025-01-17 19:35:42,929 - INFO - helpers_bot.py - [1;33mtanijane37[0m:[94mel[0m
2025-01-17 19:35:54,125 - INFO - helpers_bot.py - [1;33mdaividjb12[0m:[94ma[0m
2025-01-17 19:36:11,490 - INFO - helpers_bot.py - [1;33mlacrimotaku[0m:[94mwordle[0m
2025-01-17 19:36:18,526 - INFO - helpers_bot.py - [1;33mdaividjb12[0m:[94mdonde[0m
2025-01-17 19:36:23,144 - INFO - helpers_bot.py - [1;33mdaividjb12[0m:[94my[0m
2025-01-17 19:36:27,703 - INFO - helpers_bot.py - [1;33mdaividjb12[0m:[94mentonces[0m
2025-01-17 19:36:34,845 - INFO - helpers_bot.py - [1;33mtanijane37[0m:[94mojito[0m
2025-01-17 19:37:30,437 - INFO - helpers_bot.py - [1;33mduoszcol[0m:[94m!nalgada[0m
2025-01-17 19:37:39,071 - INFO - helpers_bot.py - [1;33mtanijane37[0m:[94m!lurk[0m
2025-01-17 19:37:41,473 - INFO - helpers_bot.py - [1;33mmarlightwi[0m:[94m@linea_de_vida_oficial[0m
2025-01-17 19:37:49,259 - INFO - helpers_bot.py - [1;33mdaividjb12[0m:[94mjajajaja[0m
2025-01-17 19:37:55,228 - INFO - helpers_bot.py - [1;33mvalenaath[0m:[94mcrei[0m
2025-01-17 19:38:18,911 - INFO - helpers_bot.py - [1;33mlinea_de_vida_oficial[0m:[94mjaja,[0m
2025-01-17 19:38:22,999 - INFO - helpers_bot.py - [1;33mlinea_de_vida_oficial[0m:[94mjaja.[0m
2025-01-17 19:38:43,843 - INFO - helpers_bot.py - [1;33mdaividjb12[0m:[94mjajajaj[0m
2025-01-17 19:38:54,225 - INFO - helpers_bot.py - [1;33mdaividjb12[0m:[94mjugamos[0m
2025-01-17 19:39:01,435 - INFO - helpers_bot.py - [1;33mmarlightwi[0m:[94m@linea_de_vida_oficial[0m
2025-01-17 19:39:47,859 - INFO - helpers_bot.py - [1;33mlinea_de_vida_oficial[0m:[94mtendremos[0m
2025-01-17 19:40:04,693 - INFO - helpers_bot.py - [1;33mmarlightwi[0m:[94msisisis[0m
2025-01-17 19:40:10,541 - INFO - helpers_bot.py - [1;33mdaividjb12[0m:[94mquedo[0m
2025-01-17 19:40:13,452 - INFO - helpers_bot.py - [1;33mdaividjb12[0m:[94mquedo[0m
2025-01-17 19:40:18,522 - INFO - helpers_bot.py - [1;33mmarlightwi[0m:[94momagaaaaa[0m
2025-01-17 19:40:34,187 - INFO - helpers_bot.py - [1;33mdaividjb12[0m:[94msoy[0m
2025-01-17 19:40:36,950 - INFO - helpers_bot.py - [1;33mlacrimotaku[0m:[94mprontito[0m
2025-01-17 19:40:41,612 - INFO - helpers_bot.py - [1;33mvalenaath[0m:[94mjhahjsjjsjsjks[0m
2025-01-17 19:40:46,933 - INFO - helpers_bot.py - [1;33mdaividjb12[0m:[94mel[0m
2025-01-17 19:40:52,895 - INFO - helpers_bot.py - [1;33malexcorell23[0m:[94mque[0m
2025-01-17 19:41:06,899 - INFO - helpers_bot.py - [1;33mlinea_de_vida_oficial[0m:[94my[0m
2025-01-17 19:41:16,064 - INFO - helpers_bot.py - [1;33mvalenaath[0m:[94mse[0m
2025-01-17 19:41:50,129 - INFO - helpers_bot.py - [1;33mdaividjb12[0m:[94mconsiguete[0m
2025-01-17 19:42:51,445 - INFO - helpers_bot.py - [1;33mdaividjb12[0m:[94macepto[0m
2025-01-17 19:42:55,701 - INFO - helpers_bot.py - [1;35mlinea_de_vida_oficial se ha unido[0m
2025-01-17 19:43:25,309 - INFO - helpers_bot.py - [1;33mdaividjb12[0m:[94mhay[0m
2025-01-17 19:43:32,153 - INFO - helpers_bot.py - [1;33mdaividjb12[0m:[94msantii85suculento[0m
2025-01-17 19:44:00,651 - INFO - helpers_bot.py - [1;35mlauunieves se ha unido[0m
2025-01-17 19:44:09,304 - INFO - helpers_bot.py - [1;33mdaividjb12[0m:[94mrápido[0m
2025-01-17 19:44:48,664 - INFO - helpers_bot.py - [1;33mdaividjb12[0m:[94my[0m
2025-01-17 19:45:02,432 - INFO - helpers_bot.py - [1;33mtanijane37[0m:[94mestaré[0m
2025-01-17 19:45:02,487 - INFO - helpers_bot.py - [1;33mdaividjb12[0m:[94mhay[0m
2025-01-17 19:46:09,546 - INFO - helpers_bot.py - [1;33mdaividjb12[0m:[94m<3[0m
2025-01-17 19:46:11,645 - INFO - helpers_bot.py - [1;33mtanijane37[0m:[94mtwitchunity[0m
2025-01-17 19:46:14,707 - INFO - helpers_bot.py - [1;33mdaividjb12[0m:[94meso[0m
2025-01-17 19:46:21,212 - INFO - helpers_bot.py - [1;33mdaividjb12[0m:[94ma[0m
2025-01-17 19:46:22,893 - INFO - helpers_bot.py - [1;33mvalenaath[0m:[94mme[0m
2025-01-17 19:46:28,543 - INFO - helpers_bot.py - [1;33mduoszcol[0m:[94m<3[0m
2025-01-17 19:46:29,395 - INFO - helpers_bot.py - [1;33mvalenaath[0m:[94mjajajhajhahjha[0m
2025-01-17 19:46:46,543 - INFO - helpers_bot.py - [1;33mdaividjb12[0m:[94mdio[0m
2025-01-17 19:46:57,456 - INFO - helpers_bot.py - [1;33mmarlightwi[0m:[94muy[0m
2025-01-17 19:47:01,855 - INFO - helpers_bot.py - [1;33mdaividjb12[0m:[94mepa[0m
2025-01-17 19:47:20,383 - INFO - helpers_bot.py - [1;33mmarlightwi[0m:[94mlamer[0m
2025-01-17 19:47:25,769 - INFO - helpers_bot.py - [1;33mmarlightwi[0m:[94ma[0m
2025-01-17 19:47:37,535 - INFO - helpers_bot.py - [1;33mduoszcol[0m:[94mcelda[0m
2025-01-17 19:47:40,286 - INFO - helpers_bot.py - [1;33mmarlightwi[0m:[94mme[0m
2025-01-17 19:47:42,116 - INFO - helpers_bot.py - [1;33mvalenaath[0m:[94mhjajha[0m
2025-01-17 19:47:43,908 - INFO - helpers_bot.py - [1;33mmarlightwi[0m:[94mjasjjsjska[0m
2025-01-17 19:47:46,656 - INFO - helpers_bot.py - [1;33mdaividjb12[0m:[94mjajajajaja[0m
2025-01-17 19:47:57,726 - INFO - helpers_bot.py - [1;33mmarlightwi[0m:[94mel[0m
2025-01-17 19:47:58,071 - INFO - helpers_bot.py - [1;33mtanijane37[0m:[94mzelda[0m
2025-01-17 19:48:02,686 - INFO - helpers_bot.py - [1;33mmarlightwi[0m:[94myo[0m
2025-01-17 19:48:05,682 - INFO - helpers_bot.py - [1;33mdaividjb12[0m:[94mjjjaja[0m
2025-01-17 19:48:06,271 - INFO - helpers_bot.py - [1;33mmarlightwi[0m:[94mnooooo[0m
2025-01-17 19:48:12,869 - INFO - helpers_bot.py - [1;33mdaividjb12[0m:[94mesto[0m
2025-01-17 19:48:28,599 - INFO - helpers_bot.py - [1;33mmarlightwi[0m:[94mes[0m
2025-01-17 19:48:34,735 - INFO - helpers_bot.py - [1;33mdaividjb12[0m:[94mjajaja[0m
2025-01-17 19:48:37,308 - INFO - helpers_bot.py - [1;33mtanijane37[0m:[94msaldo[0m
2025-01-17 19:48:56,751 - INFO - helpers_bot.py - [1;33mmarlightwi[0m:[94my[0m
2025-01-17 19:49:13,933 - INFO - helpers_bot.py - [1;33mmarlightwi[0m:[94mfallcry[0m
2025-01-17 19:49:48,396 - INFO - helpers_bot.py - [1;33mlacrimotaku[0m:[94mselva[0m
2025-01-17 19:49:55,458 - INFO - helpers_bot.py - [1;33mdaividjb12[0m:[94mepa[0m
2025-01-17 19:50:00,560 - INFO - helpers_bot.py - [1;33mdaividjb12[0m:[94msantii85milesmorales[0m
2025-01-17 19:50:16,780 - INFO - helpers_bot.py - [1;33mlacrimotaku[0m:[94mno[0m
2025-01-17 19:50:18,314 - INFO - helpers_bot.py - [1;33mdaividjb12[0m:[94mque[0m
2025-01-17 19:50:21,266 - INFO - helpers_bot.py - [1;33mdaividjb12[0m:[94mpavell2ok[0m
2025-01-17 19:50:27,234 - INFO - helpers_bot.py - [1;33mdaividjb12[0m:[94mepaaaaa[0m
2025-01-17 19:50:28,449 - INFO - helpers_bot.py - [1;33mlacrimotaku[0m:[94mah[0m
2025-01-17 19:50:28,848 - INFO - helpers_bot.py - [1;33mmarlightwi[0m:[94momahaaaaa[0m
2025-01-17 19:50:36,433 - INFO - helpers_bot.py - [1;33mtanijane37[0m:[94mbravo[0m
2025-01-17 19:50:38,360 - INFO - helpers_bot.py - [1;33mdaividjb12[0m:[94m!wordlewin[0m
2025-01-17 19:50:38,412 - INFO - helpers_stats.py - Estadísticas actualizadas: wordle_wins | lacrimotaku: 1
2025-01-17 19:50:38,444 - INFO - helpers_stats.py - Estadísticas actualizadas: xp_Habilidad | lacrimotaku: 3
2025-01-17 19:50:38,834 - INFO - helpers_bot.py - [1;33mtanijane37[0m:[94malekey1clap1[0m
2025-01-17 19:50:43,476 - INFO - helpers_bot.py - [1;33mvalenaath[0m:[94mbuena[0m
2025-01-17 19:50:47,309 - INFO - helpers_bot.py - [1;33mdaividjb12[0m:[94msantii85rg4l[0m
2025-01-17 19:50:52,101 - INFO - helpers_bot.py - [1;33mduoszcol[0m:[94mcasi[0m
2025-01-17 19:51:06,695 - INFO - helpers_bot.py - [1;33mtanijane37[0m:[94msi[0m
2025-01-17 19:51:08,730 - INFO - helpers_bot.py - [1;33mdaividjb12[0m:[94mloslorchi[0m
2025-01-17 19:51:17,080 - INFO - helpers_bot.py - [1;33malexcorell23[0m:[94motra[0m
2025-01-17 19:51:19,690 - INFO - helpers_bot.py - [1;33mdaividjb12[0m:[94mse[0m
2025-01-17 19:51:48,191 - INFO - helpers_bot.py - [1;33mdaividjb12[0m:[94mandamos[0m
2025-01-17 19:51:48,481 - INFO - helpers_bot.py - [1;33mtanijane37[0m:[94m:v[0m
2025-01-17 19:51:57,299 - INFO - helpers_bot.py - [1;33mdaividjb12[0m:[94mjajajajaja[0m
2025-01-17 19:51:59,034 - INFO - helpers_bot.py - [1;33mtanijane37[0m:[94mlul[0m
2025-01-17 19:52:01,658 - INFO - helpers_bot.py - [1;33mdaividjb12[0m:[94mdisque[0m
2025-01-17 19:52:04,234 - INFO - helpers_bot.py - [1;33mdaividjb12[0m:[94mjajajajajajaja[0m
2025-01-17 19:52:04,572 - INFO - helpers_bot.py - [1;33mtanijane37[0m:[94mjajajaajjajaja[0m
2025-01-17 19:52:15,848 - INFO - helpers_bot.py - [1;33mlacrimotaku[0m:[94mtalon[0m
2025-01-17 19:52:16,481 - INFO - helpers_bot.py - [1;33mdaividjb12[0m:[94mahhhhh[0m
2025-01-17 19:52:18,939 - INFO - helpers_bot.py - [1;33mdaividjb12[0m:[94mmamita[0m
2025-01-17 19:52:21,708 - INFO - helpers_bot.py - [1;33mdaividjb12[0m:[94mal[0m
2025-01-17 19:52:22,019 - INFO - helpers_bot.py - [1;33mvalenaath[0m:[94msalom[0m
2025-01-17 19:52:22,864 - INFO - helpers_bot.py - [1;33mmarlightwi[0m:[94msalon[0m
2025-01-17 19:52:23,648 - INFO - helpers_bot.py - [1;33mvalenaath[0m:[94msalon[0m
2025-01-17 19:52:24,962 - INFO - helpers_bot.py - [1;33mdaividjb12[0m:[94mhay[0m
2025-01-17 19:52:28,864 - INFO - helpers_bot.py - [1;33mdaividjb12[0m:[94mporque[0m
2025-01-17 19:52:29,067 - INFO - helpers_bot.py - [1;33mtanijane37[0m:[94mtalon[0m
2025-01-17 19:52:32,209 - INFO - helpers_bot.py - [1;33mlacrimotaku[0m:[94mtalon[0m
2025-01-17 19:52:37,158 - INFO - helpers_bot.py - [1;33mdaividjb12[0m:[94mmis[0m
2025-01-17 19:52:38,785 - INFO - helpers_bot.py - [1;33mvalenaath[0m:[94mjajajjajaksk[0m
2025-01-17 19:52:48,161 - INFO - helpers_bot.py - [1;33mmini_snack[0m:[94mtalón[0m
2025-01-17 19:52:55,352 - INFO - helpers_bot.py - [1;33mdaividjb12[0m:[94m!clip[0m
2025-01-17 19:52:55,354 - INFO - general.py - daividjb12Uso clip
2025-01-17 19:52:56,739 - INFO - helpers_bot.py - [1;33mnightbot[0m:[94mhttps://clips.twitch.tv/shyamericanauberginegowskull-uoyzahaafstxabo6[0m
2025-01-17 19:53:05,752 - INFO - helpers_bot.py - [1;33mvalenaath[0m:[94mno[0m
2025-01-17 19:53:10,392 - INFO - helpers_bot.py - [1;33mdaividjb12[0m:[94mdios[0m
2025-01-17 19:53:27,162 - INFO - helpers_bot.py - [1;33mduoszcol[0m:[94my[0m
2025-01-17 19:53:40,851 - INFO - helpers_bot.py - [1;33mdaividjb12[0m:[94mmamita[0m
2025-01-17 19:53:46,809 - INFO - helpers_bot.py - [1;33mdaividjb12[0m:[94mme[0m
2025-01-17 19:54:20,544 - INFO - helpers_bot.py - [1;33mdaividjb12[0m:[94msiempre[0m
2025-01-17 19:54:33,485 - INFO - helpers_bot.py - [1;35mmini_snack se ha unido[0m
2025-01-17 19:54:39,379 - INFO - helpers_bot.py - [1;33mmarlightwi[0m:[94mpor[0m
2025-01-17 19:54:50,701 - INFO - helpers_bot.py - [1;33mdaividjb12[0m:[94mhmmnn[0m
2025-01-17 19:54:57,216 - INFO - helpers_bot.py - [1;33mmarlightwi[0m:[94mpues[0m
2025-01-17 19:54:59,388 - INFO - helpers_bot.py - [1;33mvalenaath[0m:[94mdavid[0m
2025-01-17 19:55:03,368 - INFO - helpers_bot.py - [1;33mdaividjb12[0m:[94mel[0m
2025-01-17 19:55:09,255 - INFO - helpers_bot.py - [1;33mdaividjb12[0m:[94mla[0m
2025-01-17 19:55:09,937 - INFO - helpers_bot.py - [1;33mmini_snack[0m:[94mmal[0m
2025-01-17 19:55:10,456 - INFO - helpers_bot.py - [1;33mlacrimotaku[0m:[94mya[0m
2025-01-17 19:55:24,394 - INFO - helpers_bot.py - [1;33mmini_snack[0m:[94mle[0m
2025-01-17 19:55:50,443 - INFO - helpers_bot.py - [1;33mdaividjb12[0m:[94mvoy[0m
2025-01-17 19:56:14,345 - INFO - helpers_bot.py - [1;33mvalenaath[0m:[94mpipipi[0m
2025-01-17 19:56:36,507 - INFO - helpers_bot.py - [1;33mduoszcol[0m:[94mpero[0m
2025-01-17 19:56:37,395 - INFO - helpers_bot.py - [1;33mmarlightwi[0m:[94myo[0m
2025-01-17 19:56:57,230 - INFO - helpers_bot.py - [1;33mlauunieves[0m:[94mx2[0m
2025-01-17 19:56:57,441 - INFO - helpers_bot.py - [1;33mvalenaath[0m:[94myo[0m
2025-01-17 19:57:08,156 - INFO - helpers_bot.py - [1;33mlauunieves[0m:[94mno[0m
2025-01-17 19:57:10,666 - INFO - helpers_bot.py - [1;33mlauunieves[0m:[94mjmm[0m
2025-01-17 19:57:15,310 - INFO - helpers_bot.py - [1;33mlauunieves[0m:[94mjajaja[0m
2025-01-17 19:57:20,483 - INFO - helpers_bot.py - [1;33mvalenaath[0m:[94mcomo[0m
2025-01-17 19:57:33,863 - INFO - helpers_bot.py - [1;33mlauunieves[0m:[94mdannda3chop[0m
2025-01-17 19:57:38,350 - INFO - helpers_bot.py - [1;33mlauunieves[0m:[94mdannda3hmmm[0m
2025-01-17 19:57:44,770 - INFO - helpers_bot.py - [1;35mlinea_de_vida_oficial se ha unido[0m
2025-01-17 19:57:48,717 - INFO - helpers_bot.py - [1;33mmini_snack[0m:[94msiiii[0m
2025-01-17 19:57:49,667 - INFO - helpers_bot.py - [1;33mtanijane37[0m:[94msiiii[0m
2025-01-17 19:57:55,982 - INFO - helpers_bot.py - [1;33mtanijane37[0m:[94muna[0m
2025-01-17 19:58:07,407 - INFO - helpers_bot.py - [1;33mmarlightwi[0m:[94mes[0m
2025-01-17 19:58:21,896 - INFO - helpers_bot.py - [1;33mmini_snack[0m:[94maudio[0m
2025-01-17 19:58:40,744 - INFO - helpers_bot.py - [1;33malexcorell23[0m:[94mes[0m
2025-01-17 19:58:57,934 - INFO - helpers_bot.py - [1;33mvalenaath[0m:[94m$medio$[0m
2025-01-17 19:59:06,547 - INFO - helpers_bot.py - [1;33mtanijane37[0m:[94m$[0m
2025-01-17 19:59:10,416 - INFO - helpers_bot.py - [1;33mvalenaath[0m:[94mfinallyy[0m
2025-01-17 19:59:47,692 - INFO - helpers_bot.py - [1;33mvalenaath[0m:[94mdannda3bang[0m
2025-01-17 19:59:49,622 - INFO - helpers_bot.py - [1;33mtanijane37[0m:[94mmelón[0m
2025-01-17 19:59:50,862 - INFO - helpers_bot.py - [1;33mdaividjb12[0m:[94mregrese[0m
2025-01-17 19:59:51,650 - INFO - helpers_bot.py - [1;33mtanijane37[0m:[94m:v[0m
2025-01-17 19:59:54,254 - INFO - helpers_bot.py - [1;33mdaividjb12[0m:[94mfui[0m
2025-01-17 20:00:01,567 - INFO - helpers_bot.py - [1;33mvalenaath[0m:[94moveja[0m
2025-01-17 20:00:22,241 - INFO - helpers_bot.py - [1;33mdaividjb12[0m:[94mosea[0m
2025-01-17 20:00:26,665 - INFO - helpers_bot.py - [1;33mvalenaath[0m:[94mhajjajajh[0m
2025-01-17 20:00:40,542 - INFO - helpers_bot.py - [1;33mdaividjb12[0m:[94mjajajajajaja[0m
2025-01-17 20:00:54,116 - INFO - helpers_bot.py - [1;33mnightbot[0m:[94msi[0m
2025-01-17 20:00:56,837 - INFO - helpers_bot.py - [1;33mtanijane37[0m:[94mperros[0m
2025-01-17 20:01:10,882 - INFO - helpers_bot.py - [1;33mlacrimotaku[0m:[94moeste??[0m
2025-01-17 20:01:17,211 - INFO - helpers_bot.py - [1;33mvalenaath[0m:[94mla[0m
2025-01-17 20:01:21,293 - INFO - helpers_bot.py - [1;33mtanijane37[0m:[94metero[0m
2025-01-17 20:01:22,281 - INFO - helpers_bot.py - [1;33mdaividjb12[0m:[94mvale[0m
2025-01-17 20:01:29,306 - INFO - helpers_bot.py - [1;33melkoalam[0m:[94mheroe[0m
2025-01-17 20:01:40,529 - INFO - helpers_bot.py - [1;33mvalenaath[0m:[94mno[0m
2025-01-17 20:01:42,684 - INFO - helpers_bot.py - [1;33mdaividjb12[0m:[94momg[0m
2025-01-17 20:01:47,524 - INFO - helpers_bot.py - [1;33mmini_snack[0m:[94mponer[0m
2025-01-17 20:02:07,802 - INFO - helpers_bot.py - [1;33mdaividjb12[0m:[94mmenos[0m
2025-01-17 20:02:27,757 - INFO - helpers_bot.py - [1;33mtanijane37[0m:[94mpodre[0m
2025-01-17 20:02:38,001 - INFO - helpers_bot.py - [1;33mdaividjb12[0m:[94mverga[0m
2025-01-17 20:02:39,010 - INFO - helpers_bot.py - [1;33mduoszcol[0m:[94mc0ker[0m
2025-01-17 20:02:40,622 - INFO - helpers_bot.py - [1;33mduoszcol[0m:[94mcomer[0m
2025-01-17 20:02:41,341 - INFO - helpers_bot.py - [1;33mtanijane37[0m:[94mpodré[0m
2025-01-17 20:02:45,284 - INFO - helpers_bot.py - [1;33malexcorell23[0m:[94mpoder[0m
2025-01-17 20:02:59,780 - INFO - helpers_bot.py - [1;33mduoszcol[0m:[94mesque[0m
2025-01-17 20:03:08,923 - INFO - helpers_bot.py - [1;33mvalenaath[0m:[94mnotlikethis[0m
2025-01-17 20:03:25,178 - INFO - helpers_bot.py - [1;33mlacrimotaku[0m:[94may[0m
2025-01-17 20:03:26,120 - INFO - helpers_bot.py - [1;33mdaividjb12[0m:[94m@valenaath[0m
2025-01-17 20:03:46,994 - INFO - helpers_bot.py - [1;33mvalenaath[0m:[94mjakakakj[0m
2025-01-17 20:03:52,833 - INFO - helpers_bot.py - [1;33mdaividjb12[0m:[94mllámemos[0m
2025-01-17 20:03:53,068 - INFO - helpers_bot.py - [1;33mduoszcol[0m:[94mvencer[0m
2025-01-17 20:04:01,090 - INFO - helpers_bot.py - [1;35melkoalam se ha unido[0m
2025-01-17 20:04:10,113 - INFO - helpers_bot.py - [1;33mvalenaath[0m:[94merror[0m
2025-01-17 20:04:14,326 - INFO - helpers_bot.py - [1;33mlacrimotaku[0m:[94mesas[0m
2025-01-17 20:04:15,516 - INFO - helpers_bot.py - [1;33mdaividjb12[0m:[94mohhhh[0m
2025-01-17 20:04:25,302 - INFO - helpers_bot.py - [1;33mlacrimotaku[0m:[94mno[0m
2025-01-17 20:04:26,014 - INFO - helpers_bot.py - [1;33mdaividjb12[0m:[94mnooooo[0m
2025-01-17 20:04:28,247 - INFO - helpers_bot.py - [1;33mdaividjb12[0m:[94mla[0m
2025-01-17 20:04:30,806 - INFO - helpers_bot.py - [1;33mdaividjb12[0m:[94mnoooo[0m
2025-01-17 20:04:44,231 - INFO - helpers_bot.py - [1;33mmryiin_[0m:[94mhueso[0m
2025-01-17 20:04:46,458 - INFO - helpers_bot.py - [1;33mlauunieves[0m:[94mjajajaj[0m
2025-01-17 20:05:00,576 - INFO - helpers_bot.py - [1;33melkoalam[0m:[94melote[0m
2025-01-17 20:05:04,537 - INFO - helpers_bot.py - [1;33mdaividjb12[0m:[94mno[0m
2025-01-17 20:05:06,453 - INFO - helpers_bot.py - [1;35mmryiin_ se ha unido[0m
2025-01-17 20:05:11,469 - INFO - helpers_bot.py - [1;33mdaividjb12[0m:[94msi[0m
2025-01-17 20:05:20,144 - INFO - helpers_bot.py - [1;33mdaividjb12[0m:[94mvoy[0m
2025-01-17 20:05:39,641 - INFO - helpers_bot.py - [1;33mdaividjb12[0m:[94mchinga[0m
2025-01-17 20:06:07,435 - INFO - helpers_bot.py - [1;33mdaividjb12[0m:[94miba[0m
2025-01-17 20:06:18,993 - INFO - helpers_bot.py - [1;33mduoszcol[0m:[94mestar[0m
2025-01-17 20:06:25,281 - INFO - helpers_bot.py - [1;33melkoalam[0m:[94mestos[0m
2025-01-17 20:06:44,560 - INFO - helpers_bot.py - [1;33mtanijane37[0m:[94mestoy[0m
2025-01-17 20:06:48,849 - INFO - helpers_bot.py - [1;33mtanijane37[0m:[94mestoy[0m
2025-01-17 20:06:56,073 - INFO - helpers_bot.py - [1;33malexcorell23[0m:[94mestas[0m
2025-01-17 20:06:58,105 - INFO - helpers_bot.py - [1;33mtanijane37[0m:[94mintenta[0m
2025-01-17 20:07:01,330 - INFO - helpers_bot.py - [1;33mdaividjb12[0m:[94mestes[0m
2025-01-17 20:07:18,688 - INFO - helpers_bot.py - [1;33mdaividjb12[0m:[94mencuesta?[0m
2025-01-17 20:07:19,513 - INFO - helpers_bot.py - [1;33mvalenaath[0m:[94mesaaaaaaaa[0m
2025-01-17 20:07:22,451 - INFO - helpers_bot.py - [1;33mmini_snack[0m:[94mestoy[0m
2025-01-17 20:07:29,765 - INFO - helpers_bot.py - [1;33mimtitangg[0m:[94mhola[0m
2025-01-17 20:07:36,374 - INFO - helpers_bot.py - [1;33mdaividjb12[0m:[94mdio[0m
2025-01-17 20:07:40,503 - INFO - helpers_bot.py - [1;33mdaividjb12[0m:[94mahhhhh[0m
2025-01-17 20:07:47,574 - INFO - helpers_bot.py - [1;33mtanijane37[0m:[94mnoooo[0m
2025-01-17 20:07:59,107 - INFO - helpers_bot.py - [1;33mvalenaath[0m:[94majhjaja[0m
2025-01-17 20:08:02,801 - INFO - helpers_bot.py - [1;33mtanijane37[0m:[94mcasiiiii[0m
2025-01-17 20:08:02,873 - INFO - helpers_bot.py - [1;33mvalenaath[0m:[94m!clip[0m
2025-01-17 20:08:02,874 - INFO - general.py - valenaathUso clip
2025-01-17 20:08:04,199 - INFO - helpers_bot.py - [1;33mnightbot[0m:[94mhttps://clips.twitch.tv/abstruseawkwardcobblerdoublerainbow-9dq4vod7m6781atv[0m
2025-01-17 20:08:08,807 - INFO - helpers_bot.py - [1;33mduoszcol[0m:[94mtroll[0m
2025-01-17 20:08:20,911 - INFO - helpers_bot.py - [1;33mdaividjb12[0m:[94msi[0m
2025-01-17 20:08:25,271 - INFO - helpers_bot.py - [1;33mdaividjb12[0m:[94mporfin[0m
2025-01-17 20:08:26,904 - INFO - helpers_bot.py - [1;33mlacrimotaku[0m:[94mvergaaaaaaa[0m
2025-01-17 20:08:36,051 - INFO - helpers_bot.py - [1;33mdaividjb12[0m:[94m!wordlewin[0m
2025-01-17 20:08:36,079 - INFO - helpers_stats.py - Estadísticas actualizadas: wordle_wins | elkoalam: 1
2025-01-17 20:08:36,135 - INFO - helpers_stats.py - Estadísticas actualizadas: xp_Habilidad | elkoalam: 3
2025-01-17 20:08:43,105 - INFO - helpers_bot.py - [1;33mdaividjb12[0m:[94mpipipi[0m
2025-01-17 20:08:45,988 - INFO - helpers_bot.py - [1;33melkoalam[0m:[94mgracias,[0m
2025-01-17 20:08:46,211 - INFO - helpers_bot.py - [1;33mlacrimotaku[0m:[94mhasta[0m
2025-01-17 20:08:48,559 - INFO - helpers_bot.py - [1;33mtanijane37[0m:[94mno[0m
2025-01-17 20:08:50,560 - INFO - helpers_bot.py - [1;33malexcorell23[0m:[94myessssss[0m
2025-01-17 20:08:56,979 - INFO - helpers_bot.py - [1;33mdaividjb12[0m:[94my[0m
2025-01-17 20:09:00,253 - INFO - helpers_bot.py - [1;33mlauunieves[0m:[94mcuál[0m
2025-01-17 20:09:06,914 - INFO - helpers_bot.py - [1;33mdani_14k[0m:[94mwenas[0m
2025-01-17 20:09:07,791 - INFO - helpers_bot.py - [1;33mdaividjb12[0m:[94m@lauunieves[0m
2025-01-17 20:09:12,029 - INFO - helpers_bot.py - [1;33malexcorell23[0m:[94mestos[0m
2025-01-17 20:09:13,452 - INFO - helpers_bot.py - [1;33mlauunieves[0m:[94mdannda3jaja[0m
2025-01-17 20:09:16,018 - INFO - helpers_bot.py - [1;33mtanijane37[0m:[94m@lauunieves[0m
2025-01-17 20:09:17,141 - INFO - helpers_bot.py - [1;33mdaividjb12[0m:[94mque[0m
2025-01-17 20:09:20,774 - INFO - helpers_bot.py - [1;35mimtitangg se ha unido[0m
2025-01-17 20:09:21,949 - INFO - helpers_bot.py - [1;33mlacrimotaku[0m:[94meso[0m
2025-01-17 20:09:27,030 - INFO - helpers_bot.py - [1;33mvalenaath[0m:[94motra[0m
2025-01-17 20:09:29,253 - INFO - helpers_bot.py - [1;33mvalenaath[0m:[94mjhajajjajh[0m
2025-01-17 20:09:31,513 - INFO - helpers_bot.py - [1;33mdaividjb12[0m:[94mcasi[0m
2025-01-17 20:09:33,625 - INFO - helpers_bot.py - [1;33mlacrimotaku[0m:[94mvas[0m
2025-01-17 20:09:33,690 - INFO - helpers_bot.py - [1;33mvalenaath[0m:[94mmentiraas[0m
2025-01-17 20:09:36,696 - INFO - helpers_bot.py - [1;33mlauunieves[0m:[94m@lacrimotaku[0m
2025-01-17 20:09:37,567 - INFO - helpers_bot.py - [1;33mlacrimotaku[0m:[94mbañate[0m
2025-01-17 20:09:41,429 - INFO - helpers_bot.py - [1;33mdaividjb12[0m:[94mesooo[0m
2025-01-17 20:09:44,243 - INFO - helpers_bot.py - [1;33mdaividjb12[0m:[94motra[0m
2025-01-17 20:09:44,851 - INFO - helpers_bot.py - [1;33mtanijane37[0m:[94mestá[0m
2025-01-17 20:09:46,601 - INFO - helpers_bot.py - [1;33mlacrimotaku[0m:[94mjajjaja[0m
2025-01-17 20:09:49,333 - INFO - helpers_bot.py - [1;33mdaividjb12[0m:[94mtengo[0m
2025-01-17 20:09:52,752 - INFO - helpers_bot.py - [1;33mmini_snack[0m:[94m$audio$[0m
2025-01-17 20:09:54,154 - INFO - helpers_bot.py - [1;33mlacrimotaku[0m:[94motra[0m
2025-01-17 20:09:56,097 - INFO - helpers_bot.py - [1;33mdaividjb12[0m:[94mesto[0m
2025-01-17 20:09:57,166 - INFO - helpers_bot.py - [1;33mxenogamegd1[0m:[94mhola[0m
2025-01-17 20:09:57,615 - INFO - helpers_bot.py - [1;33mlacrimotaku[0m:[94mes[0m
2025-01-17 20:10:01,769 - INFO - helpers_bot.py - [1;33mvalenaath[0m:[94ma[0m
2025-01-17 20:10:07,507 - INFO - helpers_bot.py - [1;33mdaividjb12[0m:[94m(balón)[0m
2025-01-17 20:10:16,045 - INFO - helpers_bot.py - [1;33mtanijane37[0m:[94m(treinta)[0m
2025-01-17 20:10:16,851 - INFO - helpers_bot.py - [1;33mdaividjb12[0m:[94mverga[0m
2025-01-17 20:10:18,546 - INFO - helpers_bot.py - [1;33mlacrimotaku[0m:[94mmamees[0m
2025-01-17 20:10:24,379 - INFO - helpers_bot.py - [1;33mrebeccas_llamalovermeow[0m:[94mholis[0m
2025-01-17 20:10:26,118 - INFO - helpers_bot.py - [1;33mtanijane37[0m:[94m(trece)[0m
2025-01-17 20:10:31,861 - INFO - helpers_bot.py - [1;33mdaividjb12[0m:[94mdios[0m
2025-01-17 20:10:33,874 - INFO - helpers_bot.py - [1;33mdaividjb12[0m:[94mque[0m
2025-01-17 20:10:50,693 - INFO - helpers_bot.py - [1;33mtanijane37[0m:[94mno[0m
2025-01-17 20:10:50,750 - INFO - helpers_bot.py - [1;33mimtitangg[0m:[94mdannda3khe[0m
2025-01-17 20:10:54,645 - INFO - helpers_bot.py - [1;33mdani_14k[0m:[94mrobar[0m
2025-01-17 20:10:55,282 - INFO - helpers_bot.py - [1;33mlacrimotaku[0m:[94mabaco[0m
2025-01-17 20:10:57,816 - INFO - helpers_bot.py - [1;33mrebeccas_llamalovermeow[0m:[94mbien[0m
2025-01-17 20:10:59,937 - INFO - helpers_bot.py - [1;33mdaividjb12[0m:[94mdan[0m
2025-01-17 20:11:07,199 - INFO - helpers_bot.py - [1;33mtanijane37[0m:[94msobras[0m
2025-01-17 20:11:10,933 - INFO - helpers_bot.py - [1;33mlacrimotaku[0m:[94mabaco[0m
2025-01-17 20:11:14,188 - INFO - helpers_bot.py - [1;33mxenogamegd1[0m:[94mla[0m
2025-01-17 20:11:15,527 - INFO - helpers_bot.py - [1;33mimtitangg[0m:[94mxd[0m
2025-01-17 20:11:18,750 - INFO - helpers_bot.py - [1;33mxenogamegd1[0m:[94mo[0m
2025-01-17 20:11:22,279 - INFO - helpers_bot.py - [1;33mdani_14k[0m:[94m@tanijane37[0m
2025-01-17 20:11:28,010 - INFO - helpers_bot.py - [1;35mxenogamegd1 se ha unido[0m
2025-01-17 20:11:28,043 - INFO - helpers_bot.py - [1;35mrebeccallamalover2 se ha unido[0m
2025-01-17 20:11:28,075 - INFO - helpers_bot.py - [1;35mdani_14k se ha unido[0m
2025-01-17 20:11:28,355 - INFO - helpers_bot.py - [1;33mxenogamegd1[0m:[94mobras[0m
2025-01-17 20:11:38,432 - INFO - helpers_bot.py - [1;33mlacrimotaku[0m:[94mno[0m
2025-01-17 20:11:51,160 - INFO - helpers_bot.py - [1;33mvalenaath[0m:[94mnop[0m
2025-01-17 20:11:53,506 - INFO - helpers_bot.py - [1;33mvalenaath[0m:[94mno[0m
2025-01-17 20:11:53,830 - INFO - helpers_bot.py - [1;33mduoszcol[0m:[94m(oblea)[0m
2025-01-17 20:11:55,239 - INFO - helpers_bot.py - [1;33mduoszcol[0m:[94mjuajajaja[0m
2025-01-17 20:11:55,427 - INFO - helpers_bot.py - [1;33mtanijane37[0m:[94mborra[0m
2025-01-17 20:11:57,044 - INFO - helpers_bot.py - [1;33mxenogamegd1[0m:[94msobras[0m
2025-01-17 20:12:09,820 - INFO - helpers_bot.py - [1;33mxenogamegd1[0m:[94maver[0m
2025-01-17 20:12:10,118 - INFO - helpers_bot.py - [1;33mvalenaath[0m:[94mno[0m
2025-01-17 20:12:13,193 - INFO - helpers_bot.py - [1;33mvalenaath[0m:[94mla[0m
2025-01-17 20:12:25,358 - INFO - helpers_bot.py - [1;33mlacrimotaku[0m:[94mentonces[0m
2025-01-17 20:12:25,398 - INFO - helpers_bot.py - [1;35mrebeccas_llamalovermeow se ha unido[0m
2025-01-17 20:12:31,652 - INFO - helpers_bot.py - [1;33mdaividjb12[0m:[94m@dani_14k[0m
2025-01-17 20:12:33,938 - INFO - helpers_bot.py - [1;33mlacrimotaku[0m:[94myo[0m
2025-01-17 20:12:37,047 - INFO - helpers_bot.py - [1;33mxenogamegd1[0m:[94mabaco?[0m
2025-01-17 20:12:38,066 - INFO - helpers_bot.py - [1;33mtanijane37[0m:[94mborra[0m
2025-01-17 20:12:40,410 - INFO - helpers_bot.py - [1;33mduoszcol[0m:[94mabarco[0m
2025-01-17 20:12:47,450 - INFO - helpers_bot.py - [1;33mduoszcol[0m:[94mperdon[0m
2025-01-17 20:12:49,836 - INFO - helpers_bot.py - [1;33mxenogamegd1[0m:[94mquien[0m
2025-01-17 20:12:53,747 - INFO - helpers_bot.py - [1;33mlacrimotaku[0m:[94mabaro[0m
2025-01-17 20:12:56,434 - INFO - helpers_bot.py - [1;33mdani_14k[0m:[94mabarco?[0m
2025-01-17 20:13:02,263 - INFO - helpers_bot.py - [1;33mlacrimotaku[0m:[94mni[0m
2025-01-17 20:13:03,144 - INFO - helpers_bot.py - [1;33mlacrimotaku[0m:[94mjajaja[0m
2025-01-17 20:13:04,812 - INFO - helpers_bot.py - [1;33mduoszcol[0m:[94myo[0m
2025-01-17 20:13:05,577 - INFO - helpers_bot.py - [1;33mvalenaath[0m:[94mabalo[0m
2025-01-17 20:13:09,080 - INFO - helpers_bot.py - [1;33melkoalam[0m:[94mabajo[0m
2025-01-17 20:13:12,095 - INFO - helpers_bot.py - [1;33mdani_14k[0m:[94mla[0m
2025-01-17 20:13:12,341 - INFO - helpers_bot.py - [1;33mtanijane37[0m:[94mabato[0m
2025-01-17 20:13:14,226 - INFO - helpers_bot.py - [1;33mvalenaath[0m:[94makjajkjkaka[0m
2025-01-17 20:13:15,041 - INFO - helpers_bot.py - [1;33malexcorell23[0m:[94mabajo[0m
2025-01-17 20:13:16,267 - INFO - helpers_bot.py - [1;33mtanijane37[0m:[94m:v[0m
2025-01-17 20:13:18,050 - INFO - helpers_bot.py - [1;33mvalenaath[0m:[94mabajo[0m
2025-01-17 20:13:21,127 - INFO - helpers_bot.py - [1;33mmini_snack[0m:[94mabayo[0m
2025-01-17 20:13:24,301 - INFO - helpers_bot.py - [1;33mvalenaath[0m:[94mmaldita[0m
2025-01-17 20:13:28,304 - INFO - helpers_bot.py - [1;33mdaividjb12[0m:[94mes[0m
2025-01-17 20:13:30,546 - INFO - helpers_bot.py - [1;33mtanijane37[0m:[94m@alexcorell23[0m
2025-01-17 20:13:38,075 - INFO - helpers_bot.py - [1;33mdani_14k[0m:[94myo[0m
2025-01-17 20:13:45,028 - INFO - helpers_bot.py - [1;33mtanijane37[0m:[94m@alexcorell23[0m
2025-01-17 20:13:56,818 - INFO - helpers_bot.py - [1;33mdaividjb12[0m:[94m@valenaath[0m
2025-01-17 20:13:58,463 - INFO - helpers_bot.py - [1;33mvalenaath[0m:[94mnotlikethis[0m
2025-01-17 20:14:02,038 - INFO - helpers_bot.py - [1;33mlacrimotaku[0m:[94mpor[0m
2025-01-17 20:14:02,826 - INFO - helpers_bot.py - [1;33mtanijane37[0m:[94mno[0m
2025-01-17 20:14:03,769 - INFO - helpers_bot.py - [1;33mdaividjb12[0m:[94m!wordlewin[0m
2025-01-17 20:14:03,805 - INFO - helpers_stats.py - Estadísticas actualizadas: wordle_wins | elkoalam: 1
2025-01-17 20:14:03,837 - INFO - helpers_stats.py - Estadísticas actualizadas: xp_Habilidad | elkoalam: 3
2025-01-17 20:14:15,113 - INFO - helpers_bot.py - [1;33mduoszcol[0m:[94mjajaj[0m
2025-01-17 20:14:18,071 - INFO - helpers_bot.py - [1;33mtanijane37[0m:[94mel[0m
2025-01-17 20:14:21,629 - INFO - helpers_bot.py - [1;33mdaividjb12[0m:[94mestá[0m
2025-01-17 20:14:22,026 - INFO - helpers_bot.py - [1;33mduoszcol[0m:[94mkappa[0m
2025-01-17 20:14:24,275 - INFO - helpers_bot.py - [1;33mxenogamegd1[0m:[94mdan[0m
2025-01-17 20:14:34,619 - INFO - helpers_bot.py - [1;33mdani_14k[0m:[94mya[0m
2025-01-17 20:14:38,848 - INFO - helpers_bot.py - [1;33mtanijane37[0m:[94mya[0m
2025-01-17 20:14:43,018 - INFO - helpers_bot.py - [1;33malexcorell23[0m:[94mbravooooo[0m
2025-01-17 20:14:49,110 - INFO - helpers_bot.py - [1;33mlauunieves[0m:[94mchsm[0m
2025-01-17 20:14:52,879 - INFO - helpers_bot.py - [1;33mxenogamegd1[0m:[94mdani[0m
2025-01-17 20:14:58,450 - INFO - helpers_bot.py - [1;33mmini_snack[0m:[94motra[0m
2025-01-17 20:14:58,825 - INFO - helpers_bot.py - [1;33mimtitangg[0m:[94mdannda3dhecho[0m
2025-01-17 20:15:01,982 - INFO - helpers_bot.py - [1;33mdani_14k[0m:[94m@xenogamegd1[0m
2025-01-17 20:15:06,510 - INFO - helpers_bot.py - [1;33mtanijane37[0m:[94mbravoo[0m
2025-01-17 20:15:09,625 - INFO - helpers_bot.py - [1;33mxenogamegd1[0m:[94m@dani_14k[0m
2025-01-17 20:15:13,394 - INFO - helpers_bot.py - [1;33mdani_14k[0m:[94mvoy[0m
2025-01-17 20:15:17,169 - INFO - helpers_bot.py - [1;33mlacrimotaku[0m:[94meso[0m
2025-01-17 20:15:21,045 - INFO - helpers_bot.py - [1;33mtanijane37[0m:[94m@alexcorell23[0m
2025-01-17 20:15:39,975 - INFO - helpers_bot.py - [1;35melkoalam se ha unido[0m
2025-01-17 20:15:55,980 - INFO - helpers_bot.py - [1;33mlacrimotaku[0m:[94mcontexto[0m
2025-01-17 20:16:16,630 - INFO - helpers_bot.py - [1;33mlauunieves[0m:[94mme[0m
2025-01-17 20:16:23,843 - INFO - helpers_bot.py - [1;33mdani_14k[0m:[94m@xenogamegd1[0m
2025-01-17 20:16:34,744 - INFO - helpers_bot.py - [1;33mvalenaath[0m:[94m!sr[0m
2025-01-17 20:16:34,745 - INFO - general.py - valenaathUso SR
2025-01-17 20:16:35,336 - INFO - helpers_bot.py - [1;33mnightbot[0m:[94m@valenaath[0m
2025-01-17 20:16:36,029 - INFO - helpers_bot.py - [1;33mdaividjb12[0m:[94mdespués[0m
2025-01-17 20:16:48,121 - INFO - helpers_bot.py - [1;33mlauunieves[0m:[94ma[0m
2025-01-17 20:16:50,090 - INFO - helpers_bot.py - [1;33mimtitangg[0m:[94mviva[0m
2025-01-17 20:16:53,799 - INFO - helpers_bot.py - [1;33mdani_14k[0m:[94mparece[0m
2025-01-17 20:17:06,318 - INFO - helpers_bot.py - [1;33mlacrimotaku[0m:[94mggrande[0m
2025-01-17 20:17:28,563 - INFO - helpers_bot.py - [1;33mxenogamegd1[0m:[94muna[0m
2025-01-17 20:17:31,053 - INFO - helpers_bot.py - [1;33mtanijane37[0m:[94mdinodance[0m
2025-01-17 20:17:37,322 - INFO - helpers_bot.py - [1;33mdani_14k[0m:[94mhoy[0m
2025-01-17 20:17:38,740 - INFO - helpers_bot.py - [1;33mtanijane37[0m:[94mah[0m
2025-01-17 20:17:43,025 - INFO - helpers_bot.py - [1;33mtanijane37[0m:[94mglitchlit[0m
2025-01-17 20:17:46,400 - INFO - helpers_bot.py - [1;33mtanijane37[0m:[94mfanpirbeyond[0m
2025-01-17 20:17:53,539 - INFO - helpers_bot.py - [1;33mdaividjb12[0m:[94msantii85pekka[0m
2025-01-17 20:18:01,257 - INFO - helpers_bot.py - [1;33mxenogamegd1[0m:[94mpimpriririn[0m
2025-01-17 20:18:12,437 - INFO - helpers_bot.py - [1;33mimtitangg[0m:[94mdannda3dance[0m
2025-01-17 20:18:18,473 - INFO - helpers_bot.py - [1;33mtanijane37[0m:[94mfanpirfiesta[0m
2025-01-17 20:18:18,853 - INFO - helpers_bot.py - [1;33mdaividjb12[0m:[94msantii85chemsfuerte[0m
2025-01-17 20:18:19,513 - INFO - helpers_bot.py - [1;33mmarlightwi[0m:[94m@dani_14k[0m
2025-01-17 20:18:22,881 - INFO - helpers_bot.py - [1;33mxenogamegd1[0m:[94mdan[0m
2025-01-17 20:18:49,119 - INFO - helpers_bot.py - [1;33mdaividjb12[0m:[94msantii85wariogod[0m
2025-01-17 20:18:57,924 - INFO - helpers_bot.py - [1;33mxenogamegd1[0m:[94m@dani_14k[0m
2025-01-17 20:19:06,114 - INFO - helpers_bot.py - [1;33mdaividjb12[0m:[94m!ladrillo[0m
2025-01-17 20:19:06,154 - INFO - helpers_stats.py - Estadísticas actualizadas: ladrillos | channel: 1
2025-01-17 20:19:06,192 - INFO - helpers_stats.py - Estadísticas actualizadas: xp_Resistencia | daividjb12: 0.15
2025-01-17 20:19:11,005 - INFO - helpers_bot.py - [1;33mdani_14k[0m:[94m@xenogamegd1[0m
2025-01-17 20:19:11,375 - INFO - helpers_bot.py - [1;33mdaividjb12[0m:[94m!ladrillo[0m
2025-01-17 20:19:11,431 - INFO - helpers_stats.py - Estadísticas actualizadas: ladrillos | channel: 1
2025-01-17 20:19:11,462 - INFO - helpers_stats.py - Estadísticas actualizadas: xp_Resistencia | daividjb12: 0.15
2025-01-17 20:19:15,534 - INFO - helpers_bot.py - [1;33mdaividjb12[0m:[94m!ladrillo[0m
2025-01-17 20:19:15,573 - INFO - helpers_stats.py - Estadísticas actualizadas: ladrillos | channel: 1
2025-01-17 20:19:15,609 - INFO - helpers_stats.py - Estadísticas actualizadas: xp_Resistencia | daividjb12: 0.15
2025-01-17 20:19:17,015 - INFO - helpers_bot.py - [1;33mdani_14k[0m:[94maja[0m
2025-01-17 20:19:18,170 - INFO - helpers_bot.py - [1;33mlacrimotaku[0m:[94mes[0m
2025-01-17 20:19:18,448 - INFO - helpers_bot.py - [1;33mdaividjb12[0m:[94m!ladrillo[0m
2025-01-17 20:19:18,482 - INFO - helpers_stats.py - Estadísticas actualizadas: ladrillos | channel: 1
2025-01-17 20:19:18,515 - INFO - helpers_stats.py - Estadísticas actualizadas: xp_Resistencia | daividjb12: 0.15
2025-01-17 20:19:20,983 - INFO - helpers_bot.py - [1;33mdaividjb12[0m:[94m!ladrillo[0m
2025-01-17 20:19:21,016 - INFO - helpers_stats.py - Estadísticas actualizadas: ladrillos | channel: 1
2025-01-17 20:19:21,063 - INFO - helpers_stats.py - Estadísticas actualizadas: xp_Resistencia | daividjb12: 0.15
2025-01-17 20:19:23,395 - INFO - helpers_bot.py - [1;33mdaividjb12[0m:[94m!ladrillo[0m
2025-01-17 20:19:23,433 - INFO - helpers_stats.py - Estadísticas actualizadas: ladrillos | channel: 1
2025-01-17 20:19:23,466 - INFO - helpers_stats.py - Estadísticas actualizadas: xp_Resistencia | daividjb12: 0.15
2025-01-17 20:19:26,434 - INFO - helpers_bot.py - [1;33mdaividjb12[0m:[94m!ladrillo[0m
2025-01-17 20:19:26,468 - INFO - helpers_stats.py - Estadísticas actualizadas: ladrillos | channel: 1
2025-01-17 20:19:26,504 - INFO - helpers_stats.py - Estadísticas actualizadas: xp_Resistencia | daividjb12: 0.15
2025-01-17 20:19:27,371 - INFO - helpers_bot.py - [1;33mvalenaath[0m:[94mjajajja[0m
2025-01-17 20:19:28,903 - INFO - helpers_bot.py - [1;33mdaividjb12[0m:[94m!ladrillo[0m
2025-01-17 20:19:28,942 - INFO - helpers_stats.py - Estadísticas actualizadas: ladrillos | channel: 1
2025-01-17 20:19:28,973 - INFO - helpers_stats.py - Estadísticas actualizadas: xp_Resistencia | daividjb12: 0.15
2025-01-17 20:19:31,134 - INFO - helpers_bot.py - [1;33mdaividjb12[0m:[94m!ladrillo[0m
2025-01-17 20:19:31,170 - INFO - helpers_stats.py - Estadísticas actualizadas: ladrillos | channel: 1
2025-01-17 20:19:31,208 - INFO - helpers_stats.py - Estadísticas actualizadas: xp_Resistencia | daividjb12: 0.15
2025-01-17 20:19:33,227 - INFO - helpers_bot.py - [1;33mdani_14k[0m:[94mdavid[0m
2025-01-17 20:19:36,786 - INFO - helpers_bot.py - [1;33mxenogamegd1[0m:[94m!ladrillo[0m
2025-01-17 20:19:36,825 - INFO - helpers_stats.py - Estadísticas actualizadas: ladrillos | channel: 1
2025-01-17 20:19:36,858 - INFO - helpers_stats.py - Estadísticas actualizadas: xp_Resistencia | xenogamegd1: 0.15
2025-01-17 20:19:38,385 - INFO - helpers_bot.py - [1;33mtanijane37[0m:[94mfanpirhype[0m
2025-01-17 20:19:39,406 - INFO - helpers_bot.py - [1;33mxenogamegd1[0m:[94m!ladrillo[0m
2025-01-17 20:19:39,448 - INFO - helpers_stats.py - Estadísticas actualizadas: ladrillos | channel: 1
2025-01-17 20:19:39,484 - INFO - helpers_stats.py - Estadísticas actualizadas: xp_Resistencia | xenogamegd1: 0.15
2025-01-17 20:19:40,980 - INFO - helpers_bot.py - [1;33mdaividjb12[0m:[94m!ladrillo[0m
2025-01-17 20:19:41,019 - INFO - helpers_stats.py - Estadísticas actualizadas: ladrillos | channel: 1
2025-01-17 20:19:41,054 - INFO - helpers_stats.py - Estadísticas actualizadas: xp_Resistencia | daividjb12: 0.15
2025-01-17 20:19:44,140 - INFO - helpers_bot.py - [1;33mtanijane37[0m:[94m!ladrillo[0m
2025-01-17 20:19:44,188 - INFO - helpers_stats.py - Estadísticas actualizadas: ladrillos | channel: 1
2025-01-17 20:19:44,236 - INFO - helpers_stats.py - Estadísticas actualizadas: xp_Resistencia | tanijane37: 0.15
2025-01-17 20:19:47,626 - INFO - helpers_bot.py - [1;33mxenogamegd1[0m:[94m!ladrillo[0m
2025-01-17 20:19:47,661 - INFO - helpers_stats.py - Estadísticas actualizadas: ladrillos | channel: 1
2025-01-17 20:19:47,698 - INFO - helpers_stats.py - Estadísticas actualizadas: xp_Resistencia | xenogamegd1: 0.15
2025-01-17 20:19:49,148 - INFO - helpers_bot.py - [1;33mdaividjb12[0m:[94mxeno[0m
2025-01-17 20:19:51,580 - INFO - helpers_bot.py - [1;33mdaividjb12[0m:[94m!ladrillo[0m
2025-01-17 20:19:51,621 - INFO - helpers_stats.py - Estadísticas actualizadas: ladrillos | channel: 1
2025-01-17 20:19:51,653 - INFO - helpers_stats.py - Estadísticas actualizadas: xp_Resistencia | daividjb12: 0.15
2025-01-17 20:19:54,523 - INFO - helpers_bot.py - [1;33mxenogamegd1[0m:[94m!ladrillo[0m
2025-01-17 20:19:54,591 - INFO - helpers_stats.py - Estadísticas actualizadas: ladrillos | channel: 1
2025-01-17 20:19:54,631 - INFO - helpers_stats.py - Estadísticas actualizadas: xp_Resistencia | xenogamegd1: 0.15
2025-01-17 20:19:57,582 - INFO - helpers_bot.py - [1;33mdaividjb12[0m:[94m!ladrillo[0m
2025-01-17 20:19:57,646 - INFO - helpers_stats.py - Estadísticas actualizadas: ladrillos | channel: 1
2025-01-17 20:19:57,679 - INFO - helpers_stats.py - Estadísticas actualizadas: xp_Resistencia | daividjb12: 0.15
2025-01-17 20:19:59,323 - INFO - helpers_bot.py - [1;33mdani_14k[0m:[94mmodo[0m
2025-01-17 20:20:00,461 - INFO - helpers_bot.py - [1;33mxenogamegd1[0m:[94m!ladrillo[0m
2025-01-17 20:20:00,494 - INFO - helpers_stats.py - Estadísticas actualizadas: ladrillos | channel: 1
2025-01-17 20:20:00,526 - INFO - helpers_stats.py - Estadísticas actualizadas: xp_Resistencia | xenogamegd1: 0.15
2025-01-17 20:20:01,478 - INFO - helpers_bot.py - [1;33mdaividjb12[0m:[94m!ladrillo[0m
2025-01-17 20:20:01,515 - INFO - helpers_stats.py - Estadísticas actualizadas: ladrillos | channel: 1
2025-01-17 20:20:01,548 - INFO - helpers_stats.py - Estadísticas actualizadas: xp_Resistencia | daividjb12: 0.15
2025-01-17 20:20:03,661 - INFO - helpers_bot.py - [1;33mxenogamegd1[0m:[94m!ladrillo[0m
2025-01-17 20:20:03,707 - INFO - helpers_stats.py - Estadísticas actualizadas: ladrillos | channel: 1
2025-01-17 20:20:03,746 - INFO - helpers_stats.py - Estadísticas actualizadas: xp_Resistencia | xenogamegd1: 0.15
2025-01-17 20:20:04,574 - INFO - helpers_bot.py - [1;33mdaividjb12[0m:[94m!ladrillo[0m
2025-01-17 20:20:04,634 - INFO - helpers_stats.py - Estadísticas actualizadas: ladrillos | channel: 1
2025-01-17 20:20:04,680 - INFO - helpers_stats.py - Estadísticas actualizadas: xp_Resistencia | daividjb12: 0.15
2025-01-17 20:20:05,808 - INFO - helpers_bot.py - [1;33mxenogamegd1[0m:[94m!ladrillo[0m
2025-01-17 20:20:05,845 - INFO - helpers_stats.py - Estadísticas actualizadas: ladrillos | channel: 1
2025-01-17 20:20:05,894 - INFO - helpers_stats.py - Estadísticas actualizadas: xp_Resistencia | xenogamegd1: 0.15
2025-01-17 20:20:07,437 - INFO - helpers_bot.py - [1;33mdaividjb12[0m:[94m!ladrillo[0m
2025-01-17 20:20:07,466 - INFO - helpers_stats.py - Estadísticas actualizadas: ladrillos | channel: 1
2025-01-17 20:20:07,532 - INFO - helpers_stats.py - Estadísticas actualizadas: xp_Resistencia | daividjb12: 0.15
2025-01-17 20:20:08,620 - INFO - helpers_bot.py - [1;33mxenogamegd1[0m:[94m!ladrillo[0m
2025-01-17 20:20:08,651 - INFO - helpers_stats.py - Estadísticas actualizadas: ladrillos | channel: 1
2025-01-17 20:20:08,685 - INFO - helpers_stats.py - Estadísticas actualizadas: xp_Resistencia | xenogamegd1: 0.15
2025-01-17 20:20:09,734 - INFO - helpers_bot.py - [1;33mdaividjb12[0m:[94m!ladrillo[0m
2025-01-17 20:20:09,770 - INFO - helpers_stats.py - Estadísticas actualizadas: ladrillos | channel: 1
2025-01-17 20:20:09,805 - INFO - helpers_stats.py - Estadísticas actualizadas: xp_Resistencia | daividjb12: 0.15
2025-01-17 20:20:11,127 - INFO - helpers_bot.py - [1;33mxenogamegd1[0m:[94m!ladrillo[0m
2025-01-17 20:20:11,174 - INFO - helpers_stats.py - Estadísticas actualizadas: ladrillos | channel: 1
2025-01-17 20:20:11,211 - INFO - helpers_stats.py - Estadísticas actualizadas: xp_Resistencia | xenogamegd1: 0.15
2025-01-17 20:20:11,725 - INFO - helpers_bot.py - [1;33mdaividjb12[0m:[94m!ladrillo[0m
2025-01-17 20:20:11,761 - INFO - helpers_stats.py - Estadísticas actualizadas: ladrillos | channel: 1
2025-01-17 20:20:11,795 - INFO - helpers_stats.py - Estadísticas actualizadas: xp_Resistencia | daividjb12: 0.15
2025-01-17 20:20:13,556 - INFO - helpers_bot.py - [1;33mdaividjb12[0m:[94m!ladrillo[0m
2025-01-17 20:20:13,592 - INFO - helpers_stats.py - Estadísticas actualizadas: ladrillos | channel: 1
2025-01-17 20:20:13,626 - INFO - helpers_stats.py - Estadísticas actualizadas: xp_Resistencia | daividjb12: 0.15
2025-01-17 20:20:14,723 - INFO - helpers_bot.py - [1;33mxenogamegd1[0m:[94m!ladrillo[0m
2025-01-17 20:20:14,762 - INFO - helpers_stats.py - Estadísticas actualizadas: ladrillos | channel: 1
2025-01-17 20:20:14,797 - INFO - helpers_stats.py - Estadísticas actualizadas: xp_Resistencia | xenogamegd1: 0.15
2025-01-17 20:20:15,649 - INFO - helpers_bot.py - [1;33mdaividjb12[0m:[94m!ladrillo[0m
2025-01-17 20:20:15,691 - INFO - helpers_stats.py - Estadísticas actualizadas: ladrillos | channel: 1
2025-01-17 20:20:15,726 - INFO - helpers_stats.py - Estadísticas actualizadas: xp_Resistencia | daividjb12: 0.15
2025-01-17 20:20:18,398 - INFO - helpers_bot.py - [1;33mdaividjb12[0m:[94m!ladrillo[0m
2025-01-17 20:20:18,433 - INFO - helpers_stats.py - Estadísticas actualizadas: ladrillos | channel: 1
2025-01-17 20:20:18,465 - INFO - helpers_stats.py - Estadísticas actualizadas: xp_Resistencia | daividjb12: 0.15
2025-01-17 20:20:18,663 - INFO - helpers_bot.py - [1;33mmarlightwi[0m:[94mno[0m
2025-01-17 20:20:18,876 - INFO - helpers_bot.py - [1;33mxenogamegd1[0m:[94m!ladrillo[0m
2025-01-17 20:20:18,913 - INFO - helpers_stats.py - Estadísticas actualizadas: ladrillos | channel: 1
2025-01-17 20:20:18,955 - INFO - helpers_stats.py - Estadísticas actualizadas: xp_Resistencia | xenogamegd1: 0.15
2025-01-17 20:20:20,445 - INFO - helpers_bot.py - [1;33mdaividjb12[0m:[94m!ladrillo[0m
2025-01-17 20:20:20,484 - INFO - helpers_stats.py - Estadísticas actualizadas: ladrillos | channel: 1
2025-01-17 20:20:20,526 - INFO - helpers_stats.py - Estadísticas actualizadas: xp_Resistencia | daividjb12: 0.15
2025-01-17 20:20:21,649 - INFO - helpers_bot.py - [1;33mlacrimotaku[0m:[94musaste[0m
2025-01-17 20:20:22,056 - INFO - helpers_bot.py - [1;33mxenogamegd1[0m:[94m!ladrillo[0m
2025-01-17 20:20:22,095 - INFO - helpers_stats.py - Estadísticas actualizadas: ladrillos | channel: 1
2025-01-17 20:20:22,130 - INFO - helpers_stats.py - Estadísticas actualizadas: xp_Resistencia | xenogamegd1: 0.15
2025-01-17 20:20:22,204 - INFO - helpers_bot.py - [1;33mdani_14k[0m:[94mmodo[0m
2025-01-17 20:20:24,313 - INFO - helpers_bot.py - [1;33mmarlightwi[0m:[94maaaaaaaaa[0m
2025-01-17 20:20:24,434 - INFO - helpers_bot.py - [1;33mdaividjb12[0m:[94m!ladrillo[0m
2025-01-17 20:20:24,473 - INFO - helpers_stats.py - Estadísticas actualizadas: ladrillos | channel: 1
2025-01-17 20:20:24,530 - INFO - helpers_stats.py - Estadísticas actualizadas: xp_Resistencia | daividjb12: 0.15
2025-01-17 20:20:26,441 - INFO - helpers_bot.py - [1;33mdaividjb12[0m:[94m!ladrillo[0m
2025-01-17 20:20:26,478 - INFO - helpers_stats.py - Estadísticas actualizadas: ladrillos | channel: 1
2025-01-17 20:20:26,514 - INFO - helpers_stats.py - Estadísticas actualizadas: xp_Resistencia | daividjb12: 0.15
2025-01-17 20:20:30,349 - INFO - helpers_bot.py - [1;33mdaividjb12[0m:[94m!ladrillo[0m
2025-01-17 20:20:30,393 - INFO - helpers_stats.py - Estadísticas actualizadas: ladrillos | channel: 1
2025-01-17 20:20:30,429 - INFO - helpers_stats.py - Estadísticas actualizadas: xp_Resistencia | daividjb12: 0.15
2025-01-17 20:20:32,032 - INFO - helpers_bot.py - [1;33mxenogamegd1[0m:[94ma[0m
2025-01-17 20:20:32,937 - INFO - helpers_bot.py - [1;33mdaividjb12[0m:[94m!ladrillo[0m
2025-01-17 20:20:32,980 - INFO - helpers_stats.py - Estadísticas actualizadas: ladrillos | channel: 1
2025-01-17 20:20:33,016 - INFO - helpers_stats.py - Estadísticas actualizadas: xp_Resistencia | daividjb12: 0.15
2025-01-17 20:20:34,793 - INFO - helpers_bot.py - [1;33mxenogamegd1[0m:[94m!ladrillo[0m
2025-01-17 20:20:34,847 - INFO - helpers_stats.py - Estadísticas actualizadas: ladrillos | channel: 1
2025-01-17 20:20:34,881 - INFO - helpers_stats.py - Estadísticas actualizadas: xp_Resistencia | xenogamegd1: 0.15
2025-01-17 20:20:37,020 - INFO - helpers_bot.py - [1;33mdaividjb12[0m:[94m!ladrillo[0m
2025-01-17 20:20:37,054 - INFO - helpers_stats.py - Estadísticas actualizadas: ladrillos | channel: 1
2025-01-17 20:20:37,088 - INFO - helpers_stats.py - Estadísticas actualizadas: xp_Resistencia | daividjb12: 0.15
2025-01-17 20:20:38,659 - INFO - helpers_bot.py - [1;33mxenogamegd1[0m:[94m!ladrillo[0m
2025-01-17 20:20:38,708 - INFO - helpers_stats.py - Estadísticas actualizadas: ladrillos | channel: 1
2025-01-17 20:20:38,745 - INFO - helpers_stats.py - Estadísticas actualizadas: xp_Resistencia | xenogamegd1: 0.15
2025-01-17 20:20:39,850 - INFO - helpers_bot.py - [1;33mdaividjb12[0m:[94m!ladrillo[0m
2025-01-17 20:20:39,883 - INFO - helpers_stats.py - Estadísticas actualizadas: ladrillos | channel: 1
2025-01-17 20:20:39,919 - INFO - helpers_stats.py - Estadísticas actualizadas: xp_Resistencia | daividjb12: 0.15
2025-01-17 20:20:41,217 - INFO - helpers_bot.py - [1;33mxenogamegd1[0m:[94m!ladrillo[0m
2025-01-17 20:20:41,250 - INFO - helpers_stats.py - Estadísticas actualizadas: ladrillos | channel: 1
2025-01-17 20:20:41,310 - INFO - helpers_stats.py - Estadísticas actualizadas: xp_Resistencia | xenogamegd1: 0.15
2025-01-17 20:20:41,974 - INFO - helpers_bot.py - [1;33mdaividjb12[0m:[94m!ladrillo[0m
2025-01-17 20:20:42,019 - INFO - helpers_stats.py - Estadísticas actualizadas: ladrillos | channel: 1
2025-01-17 20:20:42,064 - INFO - helpers_stats.py - Estadísticas actualizadas: xp_Resistencia | daividjb12: 0.15
2025-01-17 20:20:43,958 - INFO - helpers_bot.py - [1;33mxenogamegd1[0m:[94m!ladrillo[0m
2025-01-17 20:20:43,995 - INFO - helpers_stats.py - Estadísticas actualizadas: ladrillos | channel: 1
2025-01-17 20:20:44,031 - INFO - helpers_stats.py - Estadísticas actualizadas: xp_Resistencia | xenogamegd1: 0.15
2025-01-17 20:20:44,134 - INFO - helpers_bot.py - [1;33mdaividjb12[0m:[94m!ladrillo[0m
2025-01-17 20:20:44,175 - INFO - helpers_stats.py - Estadísticas actualizadas: ladrillos | channel: 1
2025-01-17 20:20:44,210 - INFO - helpers_stats.py - Estadísticas actualizadas: xp_Resistencia | daividjb12: 0.15
2025-01-17 20:20:46,412 - INFO - helpers_bot.py - [1;33mdaividjb12[0m:[94m!ladrillo[0m
2025-01-17 20:20:46,448 - INFO - helpers_stats.py - Estadísticas actualizadas: ladrillos | channel: 1
2025-01-17 20:20:46,484 - INFO - helpers_stats.py - Estadísticas actualizadas: xp_Resistencia | daividjb12: 0.15
2025-01-17 20:20:46,969 - INFO - helpers_bot.py - [1;33mxenogamegd1[0m:[94m!ladrillo[0m
2025-01-17 20:20:47,016 - INFO - helpers_stats.py - Estadísticas actualizadas: ladrillos | channel: 1
2025-01-17 20:20:47,069 - INFO - helpers_stats.py - Estadísticas actualizadas: xp_Resistencia | xenogamegd1: 0.15
2025-01-17 20:20:48,141 - INFO - helpers_bot.py - [1;33mmarlightwi[0m:[94mno[0m
2025-01-17 20:20:48,922 - INFO - helpers_bot.py - [1;33mdaividjb12[0m:[94m!ladrillo[0m
2025-01-17 20:20:48,962 - INFO - helpers_stats.py - Estadísticas actualizadas: ladrillos | channel: 1
2025-01-17 20:20:49,001 - INFO - helpers_stats.py - Estadísticas actualizadas: xp_Resistencia | daividjb12: 0.15
2025-01-17 20:20:51,351 - INFO - helpers_bot.py - [1;33mxenogamegd1[0m:[94m!ladrillo[0m
2025-01-17 20:20:51,391 - INFO - helpers_stats.py - Estadísticas actualizadas: ladrillos | channel: 1
2025-01-17 20:20:51,428 - INFO - helpers_stats.py - Estadísticas actualizadas: xp_Resistencia | xenogamegd1: 0.15
2025-01-17 20:20:51,646 - INFO - helpers_bot.py - [1;33mmarlightwi[0m:[94mnmms[0m
2025-01-17 20:20:54,585 - INFO - helpers_bot.py - [1;33mdaividjb12[0m:[94mlisto[0m
2025-01-17 20:20:56,426 - INFO - helpers_bot.py - [1;33mmarlightwi[0m:[94maaaaaaaaa[0m
2025-01-17 20:20:58,365 - INFO - helpers_bot.py - [1;33mdani_14k[0m:[94my[0m
2025-01-17 20:21:01,045 - INFO - helpers_bot.py - [1;33mdaividjb12[0m:[94mmisión[0m
2025-01-17 20:21:14,639 - INFO - helpers_bot.py - [1;33mxenogamegd1[0m:[94mme[0m
2025-01-17 20:21:18,219 - INFO - helpers_bot.py - [1;33mdani_14k[0m:[94mjajajaja[0m
2025-01-17 20:21:25,762 - INFO - helpers_bot.py - [1;33mmarlightwi[0m:[94mqpd[0m
2025-01-17 20:21:28,958 - INFO - helpers_bot.py - [1;33mxenogamegd1[0m:[94maver[0m
2025-01-17 20:21:32,680 - INFO - helpers_bot.py - [1;33mxenogamegd1[0m:[94m!mensajes[0m
2025-01-17 20:21:36,915 - INFO - helpers_bot.py - [1;33mlacrimotaku[0m:[94mah[0m
2025-01-17 20:21:39,470 - INFO - helpers_bot.py - [1;33mdaividjb12[0m:[94m!mensajes[0m
2025-01-17 20:21:45,349 - INFO - helpers_bot.py - [1;33mdaividjb12[0m:[94mla[0m
2025-01-17 20:21:51,936 - INFO - helpers_bot.py - [1;33mdani_14k[0m:[94m!mensajes[0m
2025-01-17 20:22:02,504 - INFO - helpers_bot.py - [1;33mxenogamegd1[0m:[94msere[0m
2025-01-17 20:22:06,611 - INFO - helpers_bot.py - [1;33mdaividjb12[0m:[94mobvio[0m
2025-01-17 20:22:08,433 - INFO - helpers_bot.py - [1;33mlacrimotaku[0m:[94moye[0m
2025-01-17 20:22:11,295 - INFO - helpers_bot.py - [1;33mdani_14k[0m:[94m@xenogamegd1[0m
2025-01-17 20:22:13,040 - INFO - helpers_bot.py - [1;33mduoszcol[0m:[94m!mensajes[0m
2025-01-17 20:22:33,892 - INFO - helpers_bot.py - [1;33mduoszcol[0m:[94malav[0m
2025-01-17 20:22:34,983 - INFO - helpers_bot.py - [1;33mxenogamegd1[0m:[94mu[0m
2025-01-17 20:22:40,984 - INFO - helpers_bot.py - [1;33mduoszcol[0m:[94mkappa[0m
2025-01-17 20:22:44,499 - INFO - helpers_bot.py - [1;33mxenogamegd1[0m:[94mno[0m
2025-01-17 20:22:56,569 - INFO - helpers_bot.py - [1;33mlauunieves[0m:[94ma[0m
2025-01-17 20:22:56,964 - INFO - helpers_bot.py - [1;33mxenogamegd1[0m:[94muuu[0m
2025-01-17 20:23:02,517 - INFO - helpers_bot.py - [1;33mduoszcol[0m:[94mchingon[0m
2025-01-17 20:23:06,320 - INFO - helpers_bot.py - [1;33mdani_14k[0m:[94modio[0m
2025-01-17 20:23:06,470 - INFO - helpers_bot.py - [1;33mdaividjb12[0m:[94mbueno[0m
2025-01-17 20:23:23,840 - INFO - helpers_bot.py - [1;33mlauunieves[0m:[94mpjsalt1[0m
2025-01-17 20:23:26,865 - INFO - helpers_bot.py - [1;33mmarlightwi[0m:[94mbuena[0m
2025-01-17 20:23:28,859 - INFO - helpers_bot.py - [1;33mdani_14k[0m:[94m!ban?[0m
2025-01-17 20:23:43,785 - INFO - helpers_bot.py - [1;33mdaividjb12[0m:[94m@marlightwi[0m
2025-01-17 20:24:03,708 - INFO - helpers_bot.py - [1;33mdaividjb12[0m:[94m@lauunieves[0m
2025-01-17 20:24:05,434 - INFO - helpers_bot.py - [1;33mxenogamegd1[0m:[94mjajaj[0m
2025-01-17 20:24:09,300 - INFO - helpers_bot.py - [1;33mdani_14k[0m:[94m@daividjb12[0m
2025-01-17 20:24:16,574 - INFO - helpers_bot.py - [1;33mxenogamegd1[0m:[94mnos[0m
2025-01-17 20:24:24,209 - INFO - helpers_bot.py - [1;33mlauunieves[0m:[94mbuenas[0m
2025-01-17 20:24:28,258 - INFO - helpers_bot.py - [1;33mdaividjb12[0m:[94m@dani_14k[0m
2025-01-17 20:24:40,453 - INFO - helpers_bot.py - [1;33mdani_14k[0m:[94mpay[0m
2025-01-17 20:24:43,004 - INFO - helpers_bot.py - [1;33mdani_14k[0m:[94mjajajaja[0m
2025-01-17 20:24:43,511 - INFO - helpers_bot.py - [1;33mdaividjb12[0m:[94m@xenogamegd1[0m
2025-01-17 20:24:44,454 - INFO - helpers_bot.py - [1;33mlacrimotaku[0m:[94mquiero[0m
2025-01-17 20:24:56,650 - INFO - helpers_bot.py - [1;33mdaividjb12[0m:[94m@lauunieves[0m
2025-01-17 20:25:06,555 - INFO - helpers_bot.py - [1;33mdani_14k[0m:[94mdann[0m
2025-01-17 20:25:06,974 - INFO - helpers_bot.py - [1;33mlacrimotaku[0m:[94myo[0m
2025-01-17 20:25:16,261 - INFO - helpers_bot.py - [1;33mxenogamegd1[0m:[94mayuda[0m
2025-01-17 20:25:22,522 - INFO - helpers_bot.py - [1;33mlauunieves[0m:[94m@lacrimotaku[0m
2025-01-17 20:25:24,903 - INFO - helpers_bot.py - [1;33mdani_14k[0m:[94m@lacrimotaku[0m
2025-01-17 20:25:28,203 - INFO - helpers_bot.py - [1;33mdragomontana23[0m:[94mestoy[0m
2025-01-17 20:25:45,413 - INFO - helpers_bot.py - [1;33mmarlightwi[0m:[94mamo[0m
2025-01-17 20:25:49,363 - INFO - helpers_bot.py - [1;33mdragomontana23[0m:[94muna[0m
2025-01-17 20:25:58,445 - INFO - helpers_bot.py - [1;33mdani_14k[0m:[94mse[0m
2025-01-17 20:26:00,784 - INFO - helpers_bot.py - [1;33mxenogamegd1[0m:[94mse[0m
2025-01-17 20:26:12,611 - INFO - helpers_bot.py - [1;35mdragomontana23 se ha unido[0m
2025-01-17 20:26:18,786 - INFO - helpers_bot.py - [1;33mlacrimotaku[0m:[94m@dani_14k[0m
2025-01-17 20:26:36,145 - INFO - helpers_bot.py - [1;33mdani_14k[0m:[94m@lacrimotaku[0m
2025-01-17 20:26:53,985 - INFO - helpers_bot.py - [1;33mdani_14k[0m:[94mjajajajaja[0m
2025-01-17 20:27:00,799 - INFO - helpers_bot.py - [1;33mxenogamegd1[0m:[94mbuenos[0m
2025-01-17 20:27:02,250 - INFO - helpers_bot.py - [1;33mdani_14k[0m:[94mque[0m
2025-01-17 20:27:03,216 - INFO - helpers_bot.py - [1;33mlacrimotaku[0m:[94mque[0m
2025-01-17 20:27:14,179 - INFO - helpers_bot.py - [1;33mdani_14k[0m:[94mel[0m
2025-01-17 20:27:28,039 - INFO - helpers_bot.py - [1;33mtanijane37[0m:[94mtwitchconhype[0m
2025-01-17 20:27:28,721 - INFO - helpers_bot.py - [1;33mxenogamegd1[0m:[94mhola[0m
2025-01-17 20:27:31,119 - INFO - helpers_bot.py - [1;33mmarlightwi[0m:[94m@lacrimotaku[0m
2025-01-17 20:27:49,234 - INFO - helpers_bot.py - [1;33mdani_14k[0m:[94mdannda3jaja[0m
2025-01-17 20:27:57,467 - INFO - helpers_bot.py - [1;33mlacrimotaku[0m:[94myo[0m
2025-01-17 20:27:59,099 - INFO - helpers_bot.py - [1;33mlacrimotaku[0m:[94majajja[0m
2025-01-17 20:28:16,470 - INFO - helpers_bot.py - [1;33mlacrimotaku[0m:[94msi[0m
2025-01-17 20:28:38,230 - INFO - helpers_bot.py - [1;33mlacrimotaku[0m:[94mmamon[0m
2025-01-17 20:28:47,682 - INFO - helpers_bot.py - [1;33mdani_14k[0m:[94mxeno[0m
2025-01-17 20:28:50,724 - INFO - helpers_bot.py - [1;33mmarlightwi[0m:[94mlo[0m
2025-01-17 20:29:07,961 - INFO - helpers_bot.py - [1;33mlacrimotaku[0m:[94mninja[0m
2025-01-17 20:29:23,103 - INFO - helpers_bot.py - [1;33mxenogamegd1[0m:[94mes[0m
2025-01-17 20:29:25,881 - INFO - helpers_bot.py - [1;33mdani_14k[0m:[94mla[0m
2025-01-17 20:29:29,900 - INFO - helpers_bot.py - [1;33mxenogamegd1[0m:[94mhay[0m
2025-01-17 20:29:44,790 - INFO - helpers_bot.py - [1;33mmarlightwi[0m:[94ma[0m
2025-01-17 20:30:01,848 - INFO - helpers_bot.py - [1;33mtanijane37[0m:[94mlol[0m
2025-01-17 20:30:15,417 - INFO - helpers_bot.py - [1;33mlauunieves[0m:[94ma[0m
2025-01-17 20:30:19,768 - INFO - helpers_bot.py - [1;33mtanijane37[0m:[94mbueno[0m
2025-01-17 20:30:22,387 - INFO - helpers_bot.py - [1;33mmarlightwi[0m:[94my[0m
2025-01-17 20:30:47,040 - INFO - helpers_bot.py - [1;33mtanijane37[0m:[94mla[0m
2025-01-17 20:30:51,686 - INFO - helpers_bot.py - [1;33mlauunieves[0m:[94mjajaja[0m
2025-01-17 20:31:21,453 - INFO - helpers_bot.py - [1;33mxenogamegd1[0m:[94mes[0m
2025-01-17 20:31:33,315 - INFO - helpers_bot.py - [1;33mtanijane37[0m:[94m!sr[0m
2025-01-17 20:31:33,318 - INFO - general.py - tanijane37Uso SR
2025-01-17 20:31:33,706 - INFO - helpers_bot.py - [1;33mnightbot[0m:[94m@tanijane37[0m
2025-01-17 20:31:49,376 - INFO - helpers_bot.py - [1;33mtanijane37[0m:[94mahí[0m
2025-01-17 20:32:06,280 - INFO - helpers_bot.py - [1;33mxenogamegd1[0m:[94mcrea[0m
2025-01-17 20:32:12,061 - INFO - helpers_bot.py - [1;35mlauunieves se ha unido[0m
2025-01-17 20:32:13,623 - INFO - helpers_bot.py - [1;33mtanijane37[0m:[94mestá[0m
2025-01-17 20:32:32,615 - INFO - helpers_bot.py - [1;33mtanijane37[0m:[94m!nextsong[0m
2025-01-17 20:32:32,908 - INFO - helpers_bot.py - [1;33mnightbot[0m:[94m@tanijane37[0m
2025-01-17 20:32:44,148 - INFO - helpers_bot.py - [1;33mtanijane37[0m:[94meeeeh[0m
2025-01-17 20:32:45,125 - INFO - helpers_bot.py - [1;33mlacrimotaku[0m:[94mya[0m
2025-01-17 20:32:58,918 - INFO - helpers_bot.py - [1;33mlacrimotaku[0m:[94men[0m
2025-01-17 20:33:02,148 - INFO - helpers_bot.py - [1;33mtanijane37[0m:[94mesta[0m
2025-01-17 20:33:04,797 - INFO - helpers_bot.py - [1;33mtanijane37[0m:[94mtwitchconhype[0m
2025-01-17 20:33:07,346 - INFO - helpers_bot.py - [1;33mtanijane37[0m:[94mgoatemotey[0m
2025-01-17 20:33:13,119 - INFO - helpers_bot.py - [1;33mtanijane37[0m:[94mttchifishake[0m
2025-01-17 20:33:20,647 - INFO - helpers_bot.py - [1;33mlacrimotaku[0m:[94mjajaja[0m
2025-01-17 20:33:21,915 - INFO - helpers_bot.py - [1;33mtanijane37[0m:[94m!clip[0m
2025-01-17 20:33:21,918 - INFO - general.py - tanijane37Uso clip
2025-01-17 20:33:23,212 - INFO - helpers_bot.py - [1;33mnightbot[0m:[94mhttps://clips.twitch.tv/averageopenwatermelonkippa-zv3ylgv6ynftqipf[0m
2025-01-17 20:33:29,666 - INFO - helpers_bot.py - [1;33mmarlightwi[0m:[94my[0m
2025-01-17 20:33:33,053 - INFO - helpers_bot.py - [1;33mxenogamegd1[0m:[94mya[0m
2025-01-17 20:33:39,953 - INFO - helpers_bot.py - [1;33mmarlightwi[0m:[94my[0m
2025-01-17 20:33:58,781 - INFO - helpers_bot.py - [1;33mlacrimotaku[0m:[94mhahaha[0m
2025-01-17 20:34:02,789 - INFO - helpers_bot.py - [1;33mmarlightwi[0m:[94mya[0m
2025-01-17 20:34:08,925 - INFO - helpers_bot.py - [1;33mmarlightwi[0m:[94mcosas[0m
2025-01-17 20:34:17,337 - INFO - helpers_bot.py - [1;33mxenogamegd1[0m:[94mtiene[0m
2025-01-17 20:34:25,580 - INFO - helpers_bot.py - [1;33mmarlightwi[0m:[94mpinches[0m
2025-01-17 20:35:33,328 - INFO - helpers_bot.py - [1;33mlacrimotaku[0m:[94mes[0m
2025-01-17 20:35:51,353 - INFO - helpers_bot.py - [1;33mtanijane37[0m:[94mgoatemotey[0m
2025-01-17 20:35:56,074 - INFO - helpers_bot.py - [1;33mtanijane37[0m:[94mttchifishake[0m
2025-01-17 20:36:02,411 - INFO - helpers_bot.py - [1;33mtanijane37[0m:[94mlizkaydance[0m
2025-01-17 20:36:18,491 - INFO - helpers_bot.py - [1;33mmarlightwi[0m:[94mrolón[0m
2025-01-17 20:36:47,356 - INFO - helpers_bot.py - [1;33mtanijane37[0m:[94m!sr[0m
2025-01-17 20:36:47,358 - INFO - general.py - tanijane37Uso SR
2025-01-17 20:36:47,759 - INFO - helpers_bot.py - [1;33mnightbot[0m:[94m@tanijane37[0m
2025-01-17 20:37:24,910 - INFO - helpers_bot.py - [1;33mlacrimotaku[0m:[94meso[0m
2025-01-17 20:37:37,718 - INFO - helpers_bot.py - [1;35mimtitangg se ha unido[0m
2025-01-17 20:37:37,913 - INFO - helpers_bot.py - [1;33mtanijane37[0m:[94m!sr[0m
2025-01-17 20:37:37,915 - INFO - general.py - tanijane37Uso SR
2025-01-17 20:37:38,247 - INFO - helpers_bot.py - [1;33mnightbot[0m:[94m@tanijane37[0m
2025-01-17 20:38:14,657 - INFO - helpers_bot.py - [1;33mxenogamegd1[0m:[94mhay[0m
2025-01-17 20:38:57,719 - INFO - helpers_bot.py - [1;33mtanijane37[0m:[94m!currentsong[0m
2025-01-17 20:38:57,890 - INFO - helpers_bot.py - [1;33mnightbot[0m:[94m@tanijane37[0m
2025-01-17 20:39:11,791 - INFO - helpers_bot.py - [1;33mtanijane37[0m:[94mbien[0m
2025-01-17 20:40:16,613 - INFO - helpers_bot.py - [1;33mtanijane37[0m:[94mahí[0m
2025-01-17 20:40:22,894 - INFO - helpers_bot.py - [1;33mtanijane37[0m:[94myooo[0m
2025-01-17 20:40:26,233 - INFO - helpers_bot.py - [1;33mtanijane37[0m:[94mdinodance[0m
2025-01-17 20:40:32,084 - INFO - helpers_bot.py - [1;33mtanijane37[0m:[94mttchifishake[0m
2025-01-17 20:40:38,714 - INFO - helpers_bot.py - [1;33mtanijane37[0m:[94mttcaxhype[0m
2025-01-17 20:41:24,368 - INFO - helpers_bot.py - [1;33mtanijane37[0m:[94my[0m
2025-01-17 20:41:24,582 - INFO - helpers_bot.py - [1;33mlauunieves[0m:[94m!sr[0m
2025-01-17 20:41:24,583 - INFO - general.py - lauunievesUso SR
2025-01-17 20:41:24,989 - INFO - helpers_bot.py - [1;33mnightbot[0m:[94m@lauunieves[0m
2025-01-17 20:41:33,238 - INFO - helpers_bot.py - [1;33mtanijane37[0m:[94msmokin66jiggy[0m
2025-01-17 20:41:42,782 - INFO - helpers_bot.py - [1;33mmrlizz_[0m:[94mwolaaa[0m
2025-01-17 20:41:45,316 - INFO - helpers_bot.py - [1;35mdani_14k se ha unido[0m
2025-01-17 20:41:48,643 - INFO - helpers_bot.py - [1;33mmrlizz_[0m:[94mya[0m
2025-01-17 20:41:52,577 - INFO - helpers_bot.py - [1;33mmrlizz_[0m:[94mraccattack[0m
2025-01-17 20:42:13,265 - INFO - helpers_bot.py - [1;33mmrlizz_[0m:[94mnomedigaseso[0m
2025-01-17 20:42:15,582 - INFO - helpers_bot.py - [1;33mmrlizz_[0m:[94mjajajaja[0m
2025-01-17 20:42:19,561 - INFO - helpers_bot.py - [1;33mmrlizz_[0m:[94mbieen[0m
2025-01-17 20:42:22,401 - INFO - helpers_bot.py - [1;33mmrlizz_[0m:[94mbegwan[0m
2025-01-17 20:42:30,130 - INFO - helpers_bot.py - [1;33mmrlizz_[0m:[94mqueeee[0m
2025-01-17 20:42:37,322 - INFO - helpers_bot.py - [1;33mlauunieves[0m:[94mtwitchconhype[0m
2025-01-17 20:42:48,628 - INFO - helpers_bot.py - [1;35mlauunieves se ha unido[0m
2025-01-17 20:42:51,616 - INFO - helpers_bot.py - [1;33mmrlizz_[0m:[94mralpherz[0m
2025-01-17 20:43:00,908 - INFO - helpers_bot.py - [1;33mmarlightwi[0m:[94moaaaaaa[0m
2025-01-17 20:43:03,170 - INFO - helpers_bot.py - [1;33mmrlizz_[0m:[94mwolaa[0m
2025-01-17 20:43:07,046 - INFO - helpers_bot.py - [1;33mmrlizz_[0m:[94mwolaaa[0m
2025-01-17 20:43:20,329 - INFO - helpers_bot.py - [1;33mlauunieves[0m:[94m@mrlizz_[0m
2025-01-17 20:43:20,874 - INFO - helpers_bot.py - [1;33mmarlightwi[0m:[94mwolaaaaaa[0m
2025-01-17 20:43:26,745 - INFO - helpers_bot.py - [1;33mmarlightwi[0m:[94mentraron[0m
2025-01-17 20:43:34,566 - INFO - helpers_bot.py - [1;33mmrlizz_[0m:[94mmremmybailongoo[0m
2025-01-17 20:43:50,887 - INFO - helpers_bot.py - [1;33mmarlightwi[0m:[94m!redes[0m
2025-01-17 20:43:54,924 - INFO - helpers_bot.py - [1;35mmrlizz_ se ha unido[0m
2025-01-17 20:44:06,362 - INFO - helpers_bot.py - [1;33mtanijane37[0m:[94mesta[0m
2025-01-17 20:44:07,433 - INFO - helpers_bot.py - [1;33mlacrimotaku[0m:[94mel[0m
2025-01-17 20:44:13,381 - INFO - helpers_bot.py - [1;33mtanijane37[0m:[94m!sr[0m
2025-01-17 20:44:13,382 - INFO - general.py - tanijane37Uso SR
2025-01-17 20:44:13,704 - INFO - helpers_bot.py - [1;33mnightbot[0m:[94m@tanijane37[0m
2025-01-17 20:44:13,995 - INFO - helpers_bot.py - [1;33mvalenaath[0m:[94mdinodance[0m
2025-01-17 20:44:21,011 - INFO - helpers_bot.py - [1;33mlauunieves[0m:[94m@lacrimotaku[0m
2025-01-17 20:44:22,175 - INFO - helpers_bot.py - [1;33mtanijane37[0m:[94mbangboobounce[0m
2025-01-17 20:44:32,223 - INFO - helpers_bot.py - [1;33mmrlizz_[0m:[94miré[0m
2025-01-17 20:45:26,090 - INFO - helpers_bot.py - [1;33mmarlightwi[0m:[94mtambién[0m
2025-01-17 20:45:36,854 - INFO - helpers_bot.py - [1;33mlacrimotaku[0m:[94mal[0m
2025-01-17 20:45:56,577 - INFO - helpers_bot.py - [1;33mvalenaath[0m:[94mpato[0m
2025-01-17 20:46:02,985 - INFO - helpers_bot.py - [1;35mtanijane37 se ha unido[0m
2025-01-17 20:46:07,481 - INFO - helpers_bot.py - [1;33mdani_14k[0m:[94mwenas[0m
2025-01-17 20:46:27,969 - INFO - helpers_bot.py - [1;33mlauunieves[0m:[94mloslorllamachida[0m
2025-01-17 20:46:36,171 - INFO - helpers_bot.py - [1;33mdanndato[0m:[94m!vips[0m
2025-01-17 20:46:39,662 - INFO - helpers_bot.py - [1;33mmarlightwi[0m:[94myo[0m
2025-01-17 20:46:40,274 - INFO - helpers_bot.py - [1;33mtanijane37[0m:[94msi[0m
2025-01-17 20:46:44,178 - INFO - helpers_bot.py - [1;33mtanijane37[0m:[94ma[0m
2025-01-17 20:46:45,917 - INFO - helpers_bot.py - [1;33mduoszcol[0m:[94mkreygasm[0m
2025-01-17 20:46:52,388 - INFO - helpers_bot.py - [1;33mlacrimotaku[0m:[94myo[0m
2025-01-17 20:47:02,397 - INFO - helpers_bot.py - [1;33mdani_14k[0m:[94mne[0m
2025-01-17 20:47:14,730 - INFO - helpers_bot.py - [1;33mlacrimotaku[0m:[94mpero[0m
2025-01-17 20:47:19,203 - INFO - helpers_bot.py - [1;33mmarlightwi[0m:[94m@dani_14k[0m
2025-01-17 20:47:24,617 - INFO - helpers_bot.py - [1;33mlauunieves[0m:[94mbueno[0m
2025-01-17 20:47:42,077 - INFO - helpers_bot.py - [1;33mlacrimotaku[0m:[94mno[0m
2025-01-17 20:47:43,985 - INFO - helpers_bot.py - [1;33mtanijane37[0m:[94mdinodance[0m
2025-01-17 20:47:45,901 - INFO - helpers_bot.py - [1;33mdani_14k[0m:[94m@marlightwi[0m
2025-01-17 20:47:51,804 - INFO - helpers_bot.py - [1;33mlauunieves[0m:[94mdani[0m
2025-01-17 20:47:58,966 - INFO - helpers_bot.py - [1;33mlacrimotaku[0m:[94mno[0m
2025-01-17 20:48:01,830 - INFO - helpers_bot.py - [1;33mlacrimotaku[0m:[94m-_-[0m
2025-01-17 20:48:02,819 - INFO - helpers_bot.py - [1;33mdani_14k[0m:[94m@lauunieves[0m
2025-01-17 20:48:06,430 - INFO - helpers_bot.py - [1;33mtanijane37[0m:[94m!sr[0m
2025-01-17 20:48:06,431 - INFO - general.py - tanijane37Uso SR
2025-01-17 20:48:06,702 - INFO - helpers_bot.py - [1;33mnightbot[0m:[94m@tanijane37[0m
2025-01-17 20:48:12,961 - INFO - helpers_bot.py - [1;33mlauunieves[0m:[94m@dani_14k[0m
2025-01-17 20:48:14,767 - INFO - helpers_bot.py - [1;33mdani_14k[0m:[94m!ban?[0m
2025-01-17 20:48:27,890 - INFO - helpers_bot.py - [1;33mdani_14k[0m:[94mme[0m
2025-01-17 20:48:31,290 - INFO - helpers_bot.py - [1;33mlauunieves[0m:[94mmmm[0m
2025-01-17 20:48:31,446 - INFO - helpers_bot.py - [1;33mmarlightwi[0m:[94m@dani_14k[0m
2025-01-17 20:48:32,768 - INFO - helpers_bot.py - [1;33mdani_14k[0m:[94m!ban?[0m
2025-01-17 20:48:36,410 - INFO - helpers_bot.py - [1;33mlacrimotaku[0m:[94mdame[0m
2025-01-17 20:48:37,905 - INFO - helpers_bot.py - [1;33mlacrimotaku[0m:[94mjajaja[0m
2025-01-17 20:48:40,861 - INFO - helpers_bot.py - [1;33mdani_14k[0m:[94m8[0m
2025-01-17 20:48:41,509 - INFO - helpers_bot.py - [1;33mlauunieves[0m:[94mjajajajajajaja[0m
2025-01-17 20:48:48,112 - INFO - helpers_bot.py - [1;33mlauunieves[0m:[94mbaaaaan[0m
2025-01-17 20:48:59,133 - INFO - helpers_bot.py - [1;33mlauunieves[0m:[94mesooooo[0m
2025-01-17 20:49:00,561 - INFO - helpers_bot.py - [1;33mdani_14k[0m:[94mpium[0m
2025-01-17 20:49:02,517 - INFO - helpers_bot.py - [1;33mtanijane37[0m:[94mpobre[0m
2025-01-17 20:49:11,660 - INFO - helpers_bot.py - [1;33mtanijane37[0m:[94mailenapuls[0m
2025-01-17 20:49:26,562 - INFO - helpers_bot.py - [1;33mtanijane37[0m:[94mya[0m
2025-01-17 20:49:40,555 - INFO - helpers_bot.py - [1;33mdani_14k[0m:[94m@tanijane37[0m
2025-01-17 20:49:41,711 - INFO - helpers_bot.py - [1;33mxenogamegd1[0m:[94mdani[0m
2025-01-17 20:49:42,052 - INFO - helpers_bot.py - [1;33mtanijane37[0m:[94mque[0m
2025-01-17 20:49:45,653 - INFO - helpers_bot.py - [1;33mtanijane37[0m:[94m:v[0m
2025-01-17 20:49:50,795 - INFO - helpers_bot.py - [1;33mtanijane37[0m:[94mdijo[0m
2025-01-17 20:50:04,839 - INFO - helpers_bot.py - [1;33mlauunieves[0m:[94mloslorchipichipi[0m
2025-01-17 20:50:06,469 - INFO - helpers_bot.py - [1;33mlacrimotaku[0m:[94moraaaaaaaaaaaaaaaaaaaaaaaaaaaaaaaaaaaaaaaa[0m
2025-01-17 20:50:17,137 - INFO - helpers_bot.py - [1;33mlauunieves[0m:[94mash[0m
2025-01-17 20:50:19,401 - INFO - helpers_bot.py - [1;33mmarlightwi[0m:[94msjsjsjjajaja[0m
2025-01-17 20:50:23,845 - INFO - helpers_bot.py - [1;33mdani_14k[0m:[94m@tanijane37[0m
2025-01-17 20:50:45,129 - INFO - helpers_bot.py - [1;33mtanijane37[0m:[94m@dani_14k[0m
2025-01-17 20:50:50,578 - INFO - helpers_bot.py - [1;33mmarlightwi[0m:[94mya[0m
2025-01-17 20:50:51,505 - INFO - helpers_bot.py - [1;33mlacrimotaku[0m:[94mees[0m
2025-01-17 20:51:00,442 - INFO - helpers_bot.py - [1;33mdani_14k[0m:[94mbuscas[0m
2025-01-17 20:51:10,858 - INFO - helpers_bot.py - [1;33mtanijane37[0m:[94m@dani_14k[0m
2025-01-17 20:51:17,257 - INFO - helpers_bot.py - [1;33mtanijane37[0m:[94m!ban?[0m
2025-01-17 20:51:17,906 - INFO - helpers_bot.py - [1;33mdani_14k[0m:[94m!ban?[0m
2025-01-17 20:51:20,776 - INFO - helpers_bot.py - [1;33mxenogamegd1[0m:[94maver[0m
2025-01-17 20:51:22,205 - INFO - helpers_bot.py - [1;33mtanijane37[0m:[94moleeee[0m
2025-01-17 20:51:25,612 - INFO - helpers_bot.py - [1;33mtanijane37[0m:[94mpues[0m
2025-01-17 20:51:31,228 - INFO - helpers_bot.py - [1;33mdani_14k[0m:[94m@tanijane37[0m
2025-01-17 20:51:32,695 - INFO - helpers_bot.py - [1;33mlauunieves[0m:[94mehhhh[0m
2025-01-17 20:51:32,843 - INFO - helpers_bot.py - [1;33mtanijane37[0m:[94mdisfruto[0m
2025-01-17 20:51:41,857 - INFO - helpers_bot.py - [1;33mxenogamegd1[0m:[94mpara[0m
2025-01-17 20:51:43,910 - INFO - helpers_bot.py - [1;33mlauunieves[0m:[94mloslorchipichipi[0m
2025-01-17 20:51:56,023 - INFO - helpers_bot.py - [1;33mtanijane37[0m:[94mles[0m
2025-01-17 20:51:59,068 - INFO - helpers_bot.py - [1;33mtanijane37[0m:[94mdinodance[0m
2025-01-17 20:52:05,269 - INFO - helpers_bot.py - [1;33mdani_14k[0m:[94mestoy[0m
2025-01-17 20:52:06,958 - INFO - helpers_bot.py - [1;33mtanijane37[0m:[94mttchifishake[0m
2025-01-17 20:52:08,820 - INFO - helpers_bot.py - [1;33mlacrimotaku[0m:[94mla[0m
2025-01-17 20:52:13,762 - INFO - helpers_bot.py - [1;33mlauunieves[0m:[94mloslorchipichipi[0m
2025-01-17 20:52:18,468 - INFO - helpers_bot.py - [1;33mlauunieves[0m:[94mloslorchipichipi[0m
2025-01-17 20:52:23,026 - INFO - helpers_bot.py - [1;33mtanijane37[0m:[94m@dani_14k[0m
2025-01-17 20:52:31,073 - INFO - helpers_bot.py - [1;33mvalenaath[0m:[94m!sr[0m
2025-01-17 20:52:31,074 - INFO - general.py - valenaathUso SR
2025-01-17 20:52:31,667 - INFO - helpers_bot.py - [1;33mnightbot[0m:[94m@valenaath[0m
2025-01-17 20:52:31,943 - INFO - helpers_bot.py - [1;33mdani_14k[0m:[94mpium[0m
2025-01-17 20:52:34,547 - INFO - helpers_bot.py - [1;33mtanijane37[0m:[94mvamonooosss[0m
2025-01-17 20:52:38,665 - INFO - helpers_bot.py - [1;33malexcorell23[0m:[94m!sr[0m
2025-01-17 20:52:38,666 - INFO - general.py - alexcorell23Uso SR
2025-01-17 20:52:38,779 - INFO - helpers_bot.py - [1;33mxenogamegd1[0m:[94mque[0m
2025-01-17 20:52:39,008 - INFO - helpers_bot.py - [1;33mlauunieves[0m:[94mla[0m
2025-01-17 20:52:39,119 - INFO - helpers_bot.py - [1;33mtanijane37[0m:[94maquí[0m
2025-01-17 20:52:39,210 - INFO - helpers_bot.py - [1;33mnightbot[0m:[94m@alexcorell23[0m
2025-01-17 20:52:44,888 - INFO - helpers_bot.py - [1;33mlauunieves[0m:[94mloslorchipichipi[0m
2025-01-17 20:52:46,380 - INFO - helpers_bot.py - [1;33mdani_14k[0m:[94mjejejeje[0m
2025-01-17 20:52:53,067 - INFO - helpers_bot.py - [1;33mmarlightwi[0m:[94momaga[0m
2025-01-17 20:52:53,314 - INFO - helpers_bot.py - [1;33mtanijane37[0m:[94m!ban?[0m
2025-01-17 20:53:01,446 - INFO - helpers_bot.py - [1;33mdani_14k[0m:[94m!ban?[0m
2025-01-17 20:53:03,446 - INFO - helpers_bot.py - [1;33mxenogamegd1[0m:[94m!ladrillo[0m
2025-01-17 20:53:03,506 - INFO - helpers_stats.py - Estadísticas actualizadas: ladrillos | channel: 1
2025-01-17 20:53:03,557 - INFO - helpers_stats.py - Estadísticas actualizadas: xp_Resistencia | xenogamegd1: 0.15
2025-01-17 20:53:04,756 - INFO - helpers_bot.py - [1;33mtanijane37[0m:[94m!ban?[0m
2025-01-17 20:53:09,994 - INFO - helpers_bot.py - [1;33mtanijane37[0m:[94mjajajajaj[0m
2025-01-17 20:53:12,690 - INFO - helpers_bot.py - [1;33mlauunieves[0m:[94msiiii[0m
2025-01-17 20:53:15,765 - INFO - helpers_bot.py - [1;33mtanijane37[0m:[94mahora[0m
2025-01-17 20:53:16,269 - INFO - helpers_bot.py - [1;33mdani_14k[0m:[94m@tanijane37[0m
2025-01-17 20:53:25,095 - INFO - helpers_bot.py - [1;33mtanijane37[0m:[94m@dani_14k[0m
2025-01-17 20:53:32,036 - INFO - helpers_bot.py - [1;33mtanijane37[0m:[94m!ban?[0m
2025-01-17 20:53:32,142 - INFO - helpers_bot.py - [1;33mxenogamegd1[0m:[94mchipi[0m
2025-01-17 20:53:36,025 - INFO - helpers_bot.py - [1;33mtanijane37[0m:[94mvaya[0m
2025-01-17 20:53:38,606 - INFO - helpers_bot.py - [1;33mvalenaath[0m:[94mchipi[0m
2025-01-17 20:53:39,145 - INFO - helpers_bot.py - [1;33mlauunieves[0m:[94mloslorchipichipi[0m
2025-01-17 20:53:40,552 - INFO - helpers_bot.py - [1;33mdani_14k[0m:[94mdann[0m
2025-01-17 20:53:46,306 - INFO - helpers_bot.py - [1;33mtanijane37[0m:[94m!ban?[0m
2025-01-17 20:53:58,997 - INFO - helpers_bot.py - [1;33mlacrimotaku[0m:[94m!sr[0m
2025-01-17 20:53:58,998 - INFO - general.py - lacrimotakuUso SR
2025-01-17 20:53:59,404 - INFO - helpers_bot.py - [1;33mnightbot[0m:[94m@lacrimotaku[0m
2025-01-17 20:54:02,016 - INFO - helpers_bot.py - [1;33mtanijane37[0m:[94m!ban?[0m
2025-01-17 20:54:05,236 - INFO - helpers_bot.py - [1;33mdani_14k[0m:[94m!sr[0m
2025-01-17 20:54:05,238 - INFO - general.py - dani_14kUso SR
2025-01-17 20:54:05,827 - INFO - helpers_bot.py - [1;33mlacrimotaku[0m:[94mesa[0m
2025-01-17 20:54:05,947 - INFO - helpers_bot.py - [1;33mnightbot[0m:[94m@dani_14k[0m
2025-01-17 20:54:10,199 - INFO - helpers_bot.py - [1;33mtanijane37[0m:[94mbruh[0m
2025-01-17 20:54:17,742 - INFO - helpers_bot.py - [1;33mvalenaath[0m:[94m@tanijane37[0m
2025-01-17 20:54:26,238 - INFO - helpers_bot.py - [1;33mmarlightwi[0m:[94m!ban?[0m
2025-01-17 20:54:27,522 - INFO - helpers_bot.py - [1;33mtanijane37[0m:[94mdannda3no[0m
2025-01-17 20:54:29,979 - INFO - helpers_bot.py - [1;33mlauunieves[0m:[94muy[0m
2025-01-17 20:54:30,987 - INFO - helpers_bot.py - [1;33mdani_14k[0m:[94msiempre[0m
2025-01-17 20:54:32,662 - INFO - helpers_bot.py - [1;33mtanijane37[0m:[94mbratchat[0m
2025-01-17 20:54:44,671 - INFO - helpers_bot.py - [1;33mmarlightwi[0m:[94myonopongorolahoy[0m
2025-01-17 20:54:52,340 - INFO - helpers_bot.py - [1;33mdani_14k[0m:[94m!ban?[0m
2025-01-17 20:54:52,916 - INFO - helpers_bot.py - [1;33mmarlightwi[0m:[94mhungrypaimon[0m
2025-01-17 20:54:56,731 - INFO - helpers_bot.py - [1;33mxenogamegd1[0m:[94mno[0m
2025-01-17 20:55:06,345 - INFO - helpers_bot.py - [1;33mmarlightwi[0m:[94m!ban?[0m
2025-01-17 20:55:12,723 - INFO - helpers_bot.py - [1;33mlacrimotaku[0m:[94myo[0m
2025-01-17 20:55:15,979 - INFO - helpers_bot.py - [1;33mxenogamegd1[0m:[94mando[0m
2025-01-17 20:55:18,595 - INFO - helpers_bot.py - [1;33mdani_14k[0m:[94mdann[0m
2025-01-17 20:55:21,107 - INFO - helpers_bot.py - [1;33mmarlightwi[0m:[94mno[0m
2025-01-17 20:55:25,169 - INFO - helpers_bot.py - [1;33mtanijane37[0m:[94mfanpirdisco[0m
2025-01-17 20:55:26,864 - INFO - helpers_bot.py - [1;33mvalenaath[0m:[94mla[0m
2025-01-17 20:55:53,795 - INFO - helpers_bot.py - [1;33mlacrimotaku[0m:[94mno[0m
2025-01-17 20:55:55,781 - INFO - helpers_bot.py - [1;33mlacrimotaku[0m:[94mjajajajajjaj[0m
2025-01-17 20:55:57,301 - INFO - helpers_bot.py - [1;33mtanijane37[0m:[94mesta[0m
2025-01-17 20:56:05,251 - INFO - helpers_bot.py - [1;33mlacrimotaku[0m:[94mme[0m
2025-01-17 20:56:11,627 - INFO - helpers_bot.py - [1;33mtanijane37[0m:[94maa1heart2[0m
2025-01-17 20:56:24,638 - INFO - helpers_bot.py - [1;33mtanijane37[0m:[94mfanpirfieshta[0m
2025-01-17 20:56:30,754 - INFO - helpers_bot.py - [1;33mdani_14k[0m:[94m@lacrimotaku[0m
2025-01-17 20:56:41,449 - INFO - helpers_bot.py - [1;33mtanijane37[0m:[94mfanpirmorekaen[0m
2025-01-17 20:56:43,114 - INFO - helpers_bot.py - [1;33mdani_14k[0m:[94mse[0m
2025-01-17 20:56:54,610 - INFO - helpers_bot.py - [1;33mlacrimotaku[0m:[94mhjahjahahaha[0m
2025-01-17 20:57:00,754 - INFO - helpers_bot.py - [1;33mlacrimotaku[0m:[94mme[0m
2025-01-17 20:57:15,952 - INFO - helpers_bot.py - [1;33mdani_14k[0m:[94m@lacrimotaku[0m
2025-01-17 20:57:19,009 - INFO - helpers_bot.py - [1;33mtanijane37[0m:[94m!sr[0m
2025-01-17 20:57:19,011 - INFO - general.py - tanijane37Uso SR
2025-01-17 20:57:19,349 - INFO - helpers_bot.py - [1;33mnightbot[0m:[94m@tanijane37[0m
2025-01-17 20:57:22,699 - INFO - helpers_bot.py - [1;33mtanijane37[0m:[94mtwitchunity[0m
2025-01-17 20:57:25,423 - WARNING - bot.py - Cargando token...

2025-01-17 20:57:25,435 - INFO - bot.py - -> Iniciando módulos Twitch
2025-01-17 20:57:26,421 - INFO - websocket.py - Successfully logged onto Twitch WS: danndato
2025-01-17 20:57:26,510 - INFO - helpers_bot.py - [1;35mdanndato se ha unido[0m
2025-01-17 20:57:26,511 - INFO - bot.py - Bot conectado como danndato
2025-01-17 20:57:26,512 - INFO - bot.py - En el canal: [0m439400816
2025-01-17 20:57:35,800 - INFO - helpers_bot.py - [1;33mxenogamegd1[0m:[94mjajajaj[0m
2025-01-17 20:57:47,041 - INFO - helpers_bot.py - [1;35mvalenaath se ha unido[0m
2025-01-17 20:57:47,104 - INFO - helpers_bot.py - [1;35mlauunieves se ha unido[0m
2025-01-17 20:57:47,185 - INFO - helpers_bot.py - [1;35mlacrimotaku se ha unido[0m
2025-01-17 20:57:47,245 - INFO - helpers_bot.py - [1;35mlocochon972 se ha unido[0m
2025-01-17 20:57:47,299 - INFO - helpers_bot.py - [1;35malexcorell23 se ha unido[0m
2025-01-17 20:57:47,359 - INFO - helpers_bot.py - [1;35mtanijane37 se ha unido[0m
2025-01-17 20:57:47,424 - INFO - helpers_bot.py - [1;35mxxaliciakeysxx se ha unido[0m
2025-01-17 20:57:47,486 - INFO - helpers_bot.py - [1;35mlatierraesplanasiono se ha unido[0m
2025-01-17 20:57:47,531 - INFO - helpers_bot.py - [1;35mxenogamegd1 se ha unido[0m
2025-01-17 20:57:47,592 - INFO - helpers_bot.py - [1;35mdani_14k se ha unido[0m
2025-01-17 20:57:47,636 - INFO - helpers_bot.py - [1;35mmarlightwi se ha unido[0m
2025-01-17 20:57:47,702 - INFO - helpers_bot.py - [1;35mpato_rendon se ha unido[0m
2025-01-17 20:57:47,742 - INFO - helpers_bot.py - [1;35melchihuahua4 se ha unido[0m
2025-01-17 20:57:47,791 - INFO - helpers_bot.py - [1;35mduoszcol se ha unido[0m
2025-01-17 20:58:04,796 - INFO - helpers_bot.py - [1;33mtanijane37[0m:[94my[0m
2025-01-17 20:58:28,795 - INFO - helpers_bot.py - [1;33mtanijane37[0m:[94malekey1hifi[0m
2025-01-17 20:58:39,442 - INFO - helpers_bot.py - [1;33mtanijane37[0m:[94maleolebheart[0m
2025-01-17 20:58:45,808 - INFO - helpers_bot.py - [1;33mdani_14k[0m:[94m!ban?[0m
2025-01-17 20:58:49,256 - INFO - helpers_bot.py - [1;35mkiibzk se ha unido[0m
2025-01-17 20:58:51,804 - INFO - helpers_bot.py - [1;33mxenogamegd1[0m:[94my[0m
2025-01-17 20:58:55,132 - INFO - helpers_bot.py - [1;33mdani_14k[0m:[94mehhh[0m
2025-01-17 20:59:09,387 - INFO - helpers_bot.py - [1;33mlacrimotaku[0m:[94mjajajaja[0m
2025-01-17 20:59:11,238 - INFO - helpers_bot.py - [1;33mdani_14k[0m:[94myo[0m
2025-01-17 20:59:16,723 - INFO - helpers_bot.py - [1;33mmarlightwi[0m:[94mqjjajsjsjja[0m
2025-01-17 20:59:26,151 - INFO - helpers_bot.py - [1;33mdani_14k[0m:[94mjajajaja[0m
2025-01-17 20:59:29,899 - INFO - helpers_bot.py - [1;33mmarlightwi[0m:[94mes[0m
2025-01-17 20:59:30,490 - INFO - helpers_bot.py - [1;33mxenogamegd1[0m:[94m!ban?[0m
2025-01-17 20:59:35,878 - INFO - helpers_bot.py - [1;33mmarlightwi[0m:[94mquizás[0m
2025-01-17 20:59:40,157 - INFO - helpers_bot.py - [1;33mmarlightwi[0m:[94mwjjsjjsjsjajaj[0m
2025-01-17 20:59:43,569 - INFO - helpers_bot.py - [1;33mdani_14k[0m:[94mlo[0m
2025-01-17 20:59:55,263 - INFO - helpers_bot.py - [1;33mtanijane37[0m:[94m!currentsong[0m
2025-01-17 20:59:55,472 - INFO - helpers_bot.py - [1;33mnightbot[0m:[94m@tanijane37[0m
2025-01-17 20:59:59,968 - WARNING - bot.py - Cargando token...

2025-01-17 20:59:59,972 - INFO - bot.py - -> Iniciando módulos Twitch
2025-01-17 21:00:01,053 - INFO - websocket.py - Successfully logged onto Twitch WS: danndato
2025-01-17 21:00:01,154 - INFO - helpers_bot.py - [1;35mdanndato se ha unido[0m
2025-01-17 21:00:01,154 - INFO - bot.py - Bot conectado como danndato
2025-01-17 21:00:01,155 - INFO - bot.py - En el canal: [0m439400816
2025-01-17 21:00:07,807 - INFO - helpers_bot.py - [1;33mtanijane37[0m:[94mjssjsj[0m
2025-01-17 21:00:08,103 - INFO - helpers_bot.py - [1;33mlacrimotaku[0m:[94mjimmin[0m
2025-01-17 21:00:33,668 - INFO - helpers_bot.py - [1;33mdani_14k[0m:[94m!ban?[0m
2025-01-17 21:00:33,668 - WARNING - dynamic.py - dani_14k
2025-01-17 21:00:55,684 - INFO - helpers_bot.py - [1;33mdani_14k[0m:[94mque[0m
2025-01-17 21:01:02,549 - INFO - helpers_bot.py - [1;33mmarlightwi[0m:[94m!sr[0m
2025-01-17 21:01:02,550 - INFO - general.py - marlightwiUso SR
2025-01-17 21:01:04,812 - WARNING - bot.py - Cargando token...

2025-01-17 21:01:04,816 - INFO - bot.py - -> Iniciando módulos Twitch
2025-01-17 21:01:05,801 - INFO - websocket.py - Successfully logged onto Twitch WS: danndato
2025-01-17 21:01:05,908 - INFO - helpers_bot.py - [1;35mdanndato se ha unido[0m
2025-01-17 21:01:05,909 - INFO - bot.py - Bot conectado como danndato
2025-01-17 21:01:05,909 - INFO - bot.py - En el canal: [0m439400816
2025-01-17 21:01:07,520 - INFO - helpers_bot.py - [1;33mdani_14k[0m:[94mxd[0m
2025-01-17 21:01:16,052 - INFO - helpers_bot.py - [1;33mdani_14k[0m:[94m!ban?[0m
2025-01-17 21:01:24,177 - INFO - helpers_bot.py - [1;33mdani_14k[0m:[94magora[0m
2025-01-17 21:01:30,830 - INFO - helpers_bot.py - [1;33mmarlightwi[0m:[94m!ban?[0m
2025-01-17 21:01:30,831 - WARNING - dynamic.py - marlightwi
2025-01-17 21:01:32,745 - INFO - helpers_bot.py - [1;33mlacrimotaku[0m:[94m!ban[0m
2025-01-17 21:01:37,639 - INFO - helpers_bot.py - [1;33mdani_14k[0m:[94mawebo[0m
2025-01-17 21:01:39,283 - INFO - helpers_bot.py - [1;33mmarlightwi[0m:[94momaga[0m
2025-01-17 21:01:45,859 - INFO - helpers_bot.py - [1;33mmarlightwi[0m:[94mbueno[0m
2025-01-17 21:01:47,456 - INFO - helpers_bot.py - [1;33mtanijane37[0m:[94m!ban?[0m
2025-01-17 21:01:47,457 - WARNING - dynamic.py - tanijane37
2025-01-17 21:01:58,260 - INFO - helpers_bot.py - [1;35mduoszcol se ha unido[0m
2025-01-17 21:01:58,309 - INFO - helpers_bot.py - [1;35mlocochon972 se ha unido[0m
2025-01-17 21:01:58,358 - INFO - helpers_bot.py - [1;35mpato_rendon se ha unido[0m
2025-01-17 21:01:58,444 - INFO - helpers_bot.py - [1;35mtanijane37 se ha unido[0m
2025-01-17 21:01:58,504 - INFO - helpers_bot.py - [1;35malexcorell23 se ha unido[0m
2025-01-17 21:01:58,561 - INFO - helpers_bot.py - [1;35mlatierraesplanasiono se ha unido[0m
2025-01-17 21:01:58,615 - INFO - helpers_bot.py - [1;35mmarlightwi se ha unido[0m
2025-01-17 21:01:58,673 - INFO - helpers_bot.py - [1;35mdani_14k se ha unido[0m
2025-01-17 21:01:58,777 - INFO - helpers_bot.py - [1;35mxxaliciakeysxx se ha unido[0m
2025-01-17 21:01:58,843 - INFO - helpers_bot.py - [1;35mvalenaath se ha unido[0m
2025-01-17 21:01:58,898 - INFO - helpers_bot.py - [1;35mxenogamegd1 se ha unido[0m
2025-01-17 21:01:58,962 - INFO - helpers_bot.py - [1;35melchihuahua4 se ha unido[0m
2025-01-17 21:01:59,004 - INFO - helpers_bot.py - [1;35mlacrimotaku se ha unido[0m
2025-01-17 21:01:59,117 - INFO - helpers_bot.py - [1;35mlauunieves se ha unido[0m
2025-01-17 21:02:08,934 - INFO - helpers_bot.py - [1;33mtanijane37[0m:[94m!ban?[0m
2025-01-17 21:02:08,935 - WARNING - dynamic.py - tanijane37
2025-01-17 21:02:09,119 - INFO - helpers_bot.py - [1;33mdani_14k[0m:[94malv[0m
2025-01-17 21:02:14,686 - INFO - helpers_bot.py - [1;33mtanijane37[0m:[94m:v[0m
2025-01-17 21:02:16,709 - INFO - helpers_bot.py - [1;33mxenogamegd1[0m:[94m!ban?[0m
2025-01-17 21:02:16,710 - WARNING - dynamic.py - xenogamegd1
2025-01-17 21:02:16,848 - INFO - helpers_bot.py - [1;33mdani_14k[0m:[94m!ban?[0m
2025-01-17 21:02:23,869 - INFO - helpers_bot.py - [1;33mlacrimotaku[0m:[94mte[0m
2025-01-17 21:02:23,935 - INFO - helpers_bot.py - [1;33mduoszcol[0m:[94mkappa[0m
2025-01-17 21:02:26,613 - INFO - helpers_bot.py - [1;33mlauunieves[0m:[94m!sr[0m
2025-01-17 21:02:26,614 - INFO - general.py - lauunievesUso SR
2025-01-17 21:02:27,145 - INFO - helpers_bot.py - [1;33mnightbot[0m:[94m@lauunieves[0m
2025-01-17 21:02:29,001 - INFO - helpers_bot.py - [1;33mtanijane37[0m:[94m!ban?[0m
2025-01-17 21:02:29,002 - WARNING - dynamic.py - tanijane37
2025-01-17 21:02:29,961 - INFO - helpers_bot.py - [1;33mdani_14k[0m:[94mel[0m
2025-01-17 21:02:37,523 - INFO - helpers_bot.py - [1;33mtanijane37[0m:[94m:v[0m
2025-01-17 21:02:39,640 - INFO - helpers_bot.py - [1;33mlacrimotaku[0m:[94mse[0m
2025-01-17 21:02:41,143 - INFO - helpers_bot.py - [1;33mlauunieves[0m:[94mhola[0m
2025-01-17 21:02:43,453 - INFO - helpers_bot.py - [1;33mlauunieves[0m:[94mhola?[0m
2025-01-17 21:02:53,754 - INFO - helpers_bot.py - [1;33mdani_14k[0m:[94mpluto[0m
2025-01-17 21:02:59,816 - INFO - helpers_bot.py - [1;33mlacrimotaku[0m:[94motaku[0m
2025-01-17 21:03:01,564 - INFO - helpers_bot.py - [1;33mmryiin_[0m:[94m!ladrillo[0m
2025-01-17 21:03:01,621 - INFO - helpers_stats.py - Estadísticas actualizadas: ladrillos | channel: 1
2025-01-17 21:03:01,664 - INFO - helpers_stats.py - Estadísticas actualizadas: xp_Resistencia | mryiin_: 0.15
2025-01-17 21:03:01,865 - INFO - helpers_bot.py - [1;33mlauunieves[0m:[94mhola[0m
2025-01-17 21:03:09,401 - INFO - helpers_bot.py - [1;33mdani_14k[0m:[94mel[0m
2025-01-17 21:03:14,299 - INFO - helpers_bot.py - [1;33mmryiin_[0m:[94m!mensajes[0m
2025-01-17 21:03:15,586 - INFO - helpers_bot.py - [1;33mlauunieves[0m:[94mjajaja[0m
2025-01-17 21:03:21,449 - INFO - helpers_bot.py - [1;33mmryiin_[0m:[94m!ladrillo[0m
2025-01-17 21:03:21,493 - INFO - helpers_stats.py - Estadísticas actualizadas: ladrillos | channel: 1
2025-01-17 21:03:21,591 - INFO - helpers_stats.py - Estadísticas actualizadas: xp_Resistencia | mryiin_: 0.15
2025-01-17 21:03:21,669 - INFO - helpers_bot.py - [1;33mdani_14k[0m:[94mhey[0m
2025-01-17 21:03:43,076 - INFO - helpers_bot.py - [1;33mdani_14k[0m:[94mdann[0m
2025-01-17 21:03:45,713 - INFO - helpers_bot.py - [1;33mtanijane37[0m:[94m!ladrillo[0m
2025-01-17 21:03:45,765 - INFO - helpers_stats.py - Estadísticas actualizadas: ladrillos | channel: 1
2025-01-17 21:03:45,818 - INFO - helpers_stats.py - Estadísticas actualizadas: xp_Resistencia | tanijane37: 0.15
2025-01-17 21:03:49,317 - INFO - helpers_bot.py - [1;33mlacrimotaku[0m:[94mponte[0m
2025-01-17 21:03:52,891 - INFO - helpers_bot.py - [1;33mtanijane37[0m:[94m!currentsong[0m
2025-01-17 21:03:53,199 - INFO - helpers_bot.py - [1;33mnightbot[0m:[94m@tanijane37[0m
2025-01-17 21:04:06,397 - INFO - helpers_bot.py - [1;33mmryiin_[0m:[94mpor[0m
2025-01-17 21:04:10,165 - INFO - helpers_bot.py - [1;33mtanijane37[0m:[94meeeh[0m
2025-01-17 21:04:12,497 - INFO - helpers_bot.py - [1;33mlauunieves[0m:[94mdannda3jaja[0m
2025-01-17 21:04:13,737 - INFO - helpers_bot.py - [1;33mdani_14k[0m:[94mdann[0m
2025-01-17 21:04:19,333 - INFO - helpers_bot.py - [1;33mmarlightwi[0m:[94ma[0m
2025-01-17 21:04:28,266 - INFO - helpers_bot.py - [1;33mtanijane37[0m:[94mfanpirbeyond[0m
2025-01-17 21:04:29,294 - INFO - helpers_bot.py - [1;33malexcorell23[0m:[94mwoo[0m
2025-01-17 21:04:41,013 - INFO - helpers_bot.py - [1;33mtanijane37[0m:[94mahí[0m
2025-01-17 21:04:45,172 - INFO - helpers_bot.py - [1;33mtanijane37[0m:[94mailenamusic[0m
2025-01-17 21:04:46,692 - INFO - helpers_bot.py - [1;33mdani_14k[0m:[94mva[0m
2025-01-17 21:04:53,287 - INFO - helpers_bot.py - [1;33mdani_14k[0m:[94mesta[0m
2025-01-17 21:04:54,361 - INFO - helpers_bot.py - [1;33mvalenaath[0m:[94m!sr[0m
2025-01-17 21:04:54,362 - INFO - general.py - valenaathUso SR
2025-01-17 21:04:55,005 - INFO - helpers_bot.py - [1;33mnightbot[0m:[94m@valenaath[0m
2025-01-17 21:04:55,622 - INFO - helpers_bot.py - [1;33mtanijane37[0m:[94mestá[0m
2025-01-17 21:04:57,867 - INFO - helpers_bot.py - [1;33mvalenaath[0m:[94mtodo[0m
2025-01-17 21:05:02,002 - INFO - helpers_bot.py - [1;33mtanijane37[0m:[94malekey1temazoa[0m
2025-01-17 21:05:06,152 - INFO - helpers_bot.py - [1;35mmryiin_ se ha unido[0m
2025-01-17 21:05:11,100 - INFO - helpers_bot.py - [1;33mxenogamegd1[0m:[94mtenemos[0m
2025-01-17 21:05:14,444 - INFO - helpers_bot.py - [1;33mdani_14k[0m:[94mdinodance[0m
2025-01-17 21:05:15,585 - INFO - helpers_bot.py - [1;33mlauunieves[0m:[94m!sr[0m
2025-01-17 21:05:15,586 - INFO - general.py - lauunievesUso SR
2025-01-17 21:05:16,364 - INFO - helpers_bot.py - [1;33mnightbot[0m:[94m@lauunieves[0m
2025-01-17 21:05:20,758 - INFO - helpers_bot.py - [1;33mlacrimotaku[0m:[94mno[0m
2025-01-17 21:05:23,765 - INFO - helpers_bot.py - [1;33mlauunieves[0m:[94mde[0m
2025-01-17 21:05:29,081 - INFO - helpers_bot.py - [1;33mlauunieves[0m:[94mahhhhh[0m
2025-01-17 21:05:33,360 - INFO - helpers_bot.py - [1;33mlacrimotaku[0m:[94mbueno[0m
2025-01-17 21:05:36,807 - INFO - helpers_bot.py - [1;33mlauunieves[0m:[94mya[0m
2025-01-17 21:05:37,768 - INFO - helpers_bot.py - [1;33mlauunieves[0m:[94mya[0m
2025-01-17 21:05:39,185 - INFO - helpers_bot.py - [1;33mlauunieves[0m:[94mok[0m
2025-01-17 21:05:40,893 - INFO - helpers_bot.py - [1;33mlauunieves[0m:[94mammm[0m
2025-01-17 21:05:45,435 - INFO - helpers_bot.py - [1;33mdani_14k[0m:[94m@lacrimotaku[0m
2025-01-17 21:05:51,284 - INFO - helpers_bot.py - [1;33mlacrimotaku[0m:[94mla[0m
2025-01-17 21:05:52,774 - INFO - helpers_bot.py - [1;33mlacrimotaku[0m:[94mhahaha[0m
2025-01-17 21:05:59,789 - INFO - helpers_bot.py - [1;33mdani_14k[0m:[94mdannda3jaja[0m
2025-01-17 21:06:16,116 - INFO - helpers_bot.py - [1;33mtanijane37[0m:[94mambessalove[0m
2025-01-17 21:06:17,259 - INFO - helpers_bot.py - [1;33mmarlightwi[0m:[94mpopnemo[0m
2025-01-17 21:06:20,387 - INFO - helpers_bot.py - [1;33mlauunieves[0m:[94msolo[0m
2025-01-17 21:06:33,283 - INFO - helpers_bot.py - [1;33mmarlightwi[0m:[94mshingao[0m
2025-01-17 21:06:43,559 - INFO - helpers_bot.py - [1;33mlauunieves[0m:[94mok[0m
2025-01-17 21:06:43,925 - INFO - helpers_bot.py - [1;33mtanijane37[0m:[94mesa[0m
2025-01-17 21:06:46,060 - INFO - helpers_bot.py - [1;33mdani_14k[0m:[94m@lauunieves[0m
2025-01-17 21:06:50,645 - INFO - helpers_bot.py - [1;33mlauunieves[0m:[94msi[0m
2025-01-17 21:06:50,786 - INFO - helpers_bot.py - [1;33mlacrimotaku[0m:[94mnieves[0m
2025-01-17 21:06:55,349 - INFO - helpers_bot.py - [1;33mmarlightwi[0m:[94m@tanijane37[0m
2025-01-17 21:06:57,862 - INFO - helpers_bot.py - [1;33mtanijane37[0m:[94mqptv1niniofakar[0m
2025-01-17 21:07:04,621 - INFO - helpers_bot.py - [1;33mdani_14k[0m:[94mloslorpedro[0m
2025-01-17 21:07:07,453 - INFO - helpers_bot.py - [1;33mtanijane37[0m:[94m@marlightwi[0m
2025-01-17 21:07:14,152 - INFO - helpers_bot.py - [1;33mlauunieves[0m:[94mnomas[0m
2025-01-17 21:07:18,716 - INFO - helpers_bot.py - [1;33mdani_14k[0m:[94m!juegos[0m
2025-01-17 21:07:24,894 - INFO - helpers_bot.py - [1;33mtanijane37[0m:[94mailenacandy[0m
2025-01-17 21:07:30,980 - INFO - helpers_bot.py - [1;33mdani_14k[0m:[94mahhhh[0m
2025-01-17 21:08:19,719 - INFO - helpers_bot.py - [1;33mtanijane37[0m:[94mailenazippo[0m
2025-01-17 21:11:48,966 - WARNING - bot.py - Cargando token...

2025-01-17 21:11:48,972 - INFO - bot.py - -> Iniciando módulos Twitch
2025-01-17 21:11:50,008 - INFO - websocket.py - Successfully logged onto Twitch WS: danndato
2025-01-17 21:11:50,114 - INFO - helpers_bot.py - [1;35mdanndato se ha unido[0m
2025-01-17 21:11:50,116 - INFO - bot.py - Bot conectado como danndato
2025-01-17 21:11:50,116 - INFO - bot.py - En el canal: [0m439400816
2025-01-17 21:12:02,005 - INFO - helpers_bot.py - [1;33mtanijane37[0m:[94mque[0m
2025-01-17 21:12:10,356 - INFO - helpers_bot.py - [1;33mlauunieves[0m:[94mrubbsmash[0m
2025-01-17 21:12:10,801 - INFO - helpers_bot.py - [1;33mduoszcol[0m:[94mkappa[0m
2025-01-17 21:12:23,217 - INFO - helpers_bot.py - [1;33mlacrimotaku[0m:[94mahhh[0m
2025-01-17 21:12:23,297 - INFO - helpers_bot.py - [1;33mdanndato[0m:[94m!hola[0m
2025-01-17 21:12:25,070 - INFO - helpers_bot.py - [1;33mmarlightwi[0m:[94mujum[0m
2025-01-17 21:12:26,290 - INFO - helpers_bot.py - [1;33mdanndato[0m:[94m!adios[0m
2025-01-17 21:12:33,845 - INFO - helpers_bot.py - [1;33mlauunieves[0m:[94mpewpewpew[0m
2025-01-17 21:12:36,368 - INFO - helpers_bot.py - [1;33mdanndato[0m:[94m!wordletop[0m
2025-01-17 21:12:44,845 - INFO - helpers_bot.py - [1;35mdani_14k se ha unido[0m
2025-01-17 21:12:44,888 - INFO - helpers_bot.py - [1;35mlocochon972 se ha unido[0m
2025-01-17 21:12:44,954 - INFO - helpers_bot.py - [1;35mlauunieves se ha unido[0m
2025-01-17 21:12:44,997 - INFO - helpers_bot.py - [1;35mtanijane37 se ha unido[0m
2025-01-17 21:12:45,038 - INFO - helpers_bot.py - [1;35mxxaliciakeysxx se ha unido[0m
2025-01-17 21:12:45,070 - INFO - helpers_bot.py - [1;35mlatierraesplanasiono se ha unido[0m
2025-01-17 21:12:45,131 - INFO - helpers_bot.py - [1;35melchihuahua4 se ha unido[0m
2025-01-17 21:12:45,182 - INFO - helpers_bot.py - [1;35malexcorell23 se ha unido[0m
2025-01-17 21:12:45,222 - INFO - helpers_bot.py - [1;35mlacrimotaku se ha unido[0m
2025-01-17 21:12:45,276 - INFO - helpers_bot.py - [1;35mvalenaath se ha unido[0m
2025-01-17 21:12:45,308 - INFO - helpers_bot.py - [1;35mmarlightwi se ha unido[0m
2025-01-17 21:12:45,376 - INFO - helpers_bot.py - [1;35mxenogamegd1 se ha unido[0m
2025-01-17 21:12:45,442 - INFO - helpers_bot.py - [1;35mduoszcol se ha unido[0m
2025-01-17 21:12:45,490 - INFO - helpers_bot.py - [1;35mpato_rendon se ha unido[0m
2025-01-17 21:12:45,555 - INFO - helpers_bot.py - [1;35mmryiin_ se ha unido[0m
2025-01-17 21:12:46,355 - INFO - helpers_bot.py - [1;33mmryiin_[0m:[94m!hola[0m
2025-01-17 21:12:46,468 - INFO - helpers_bot.py - [1;33mmarlightwi[0m:[94m!hola[0m
2025-01-17 21:12:55,545 - INFO - helpers_bot.py - [1;33mmryiin_[0m:[94m!adiós[0m
2025-01-17 21:12:56,295 - INFO - helpers_bot.py - [1;33mlauunieves[0m:[94mhola?[0m
2025-01-17 21:13:15,756 - INFO - helpers_bot.py - [1;33mmarlightwi[0m:[94momagosh[0m
2025-01-17 21:13:16,848 - INFO - helpers_bot.py - [1;33mduoszcol[0m:[94m!memide[0m
2025-01-17 21:13:21,247 - INFO - helpers_bot.py - [1;33mmarlightwi[0m:[94mpopnemo[0m
2025-01-17 21:13:23,050 - INFO - helpers_bot.py - [1;33mduoszcol[0m:[94mhace[0m
2025-01-17 21:13:25,454 - INFO - helpers_bot.py - [1;33mduoszcol[0m:[94m!memide[0m
2025-01-17 21:13:26,252 - INFO - helpers_bot.py - [1;33mmryiin_[0m:[94m!adios[0m
2025-01-17 21:13:35,963 - INFO - helpers_bot.py - [1;33mlauunieves[0m:[94mloslorchipichipi[0m
2025-01-17 21:13:41,789 - INFO - helpers_bot.py - [1;33mdanndato[0m:[94m!xp[0m
2025-01-17 21:13:57,249 - INFO - helpers_bot.py - [1;33mdani_14k[0m:[94mwow[0m
2025-01-17 21:13:58,782 - INFO - helpers_bot.py - [1;33mmarlightwi[0m:[94mjajsjsusjshshdfdg[0m
2025-01-17 21:14:03,073 - INFO - helpers_bot.py - [1;33mdani_14k[0m:[94mjafkajgsjsjusgu[0m
2025-01-17 21:14:08,756 - INFO - helpers_bot.py - [1;33mlauunieves[0m:[94m!xp[0m
2025-01-17 21:14:18,334 - INFO - helpers_bot.py - [1;33mdani_14k[0m:[94m!xp[0m
2025-01-17 21:14:19,951 - INFO - helpers_bot.py - [1;33mlauunieves[0m:[94mdannda3jaja[0m
2025-01-17 21:14:21,614 - INFO - helpers_bot.py - [1;33mmryiin_[0m:[94m!xp[0m
2025-01-17 21:14:22,915 - INFO - helpers_bot.py - [1;33mdanndato[0m:[94m!player[0m
2025-01-17 21:14:29,956 - INFO - helpers_bot.py - [1;33mlauunieves[0m:[94mse[0m
2025-01-17 21:14:35,791 - INFO - helpers_bot.py - [1;33mduoszcol[0m:[94m!memide[0m
2025-01-17 21:14:41,830 - INFO - helpers_bot.py - [1;33mduoszcol[0m:[94mun[0m
2025-01-17 21:14:43,653 - INFO - helpers_bot.py - [1;33mlauunieves[0m:[94mjajajajjaaj[0m
2025-01-17 21:14:47,914 - INFO - helpers_bot.py - [1;33mlauunieves[0m:[94m1[0m
2025-01-17 21:14:55,567 - INFO - helpers_bot.py - [1;33mmarlightwi[0m:[94mjinxlul[0m
2025-01-17 21:15:03,213 - INFO - helpers_bot.py - [1;33mdani_14k[0m:[94m@duoszcol[0m
2025-01-17 21:15:04,269 - INFO - helpers_bot.py - [1;33mmarlightwi[0m:[94mjinxlul[0m
2025-01-17 21:15:07,733 - INFO - helpers_bot.py - [1;33mtanijane37[0m:[94m:v[0m
2025-01-17 21:15:12,677 - INFO - helpers_bot.py - [1;33mmarlightwi[0m:[94mjinxlul[0m
2025-01-17 21:15:14,110 - INFO - helpers_bot.py - [1;33mlacrimotaku[0m:[94mel[0m
2025-01-17 21:15:15,051 - INFO - helpers_bot.py - [1;33mtanijane37[0m:[94mquería[0m
2025-01-17 21:15:18,692 - INFO - helpers_bot.py - [1;33mduoszcol[0m:[94m@dani_14k[0m
2025-01-17 21:15:20,644 - INFO - helpers_bot.py - [1;33mmarlightwi[0m:[94mjinxlul[0m
2025-01-17 21:15:22,803 - INFO - helpers_bot.py - [1;33mdanndato[0m:[94m!xp[0m
2025-01-17 21:15:29,042 - INFO - helpers_bot.py - [1;33mduoszcol[0m:[94m!memide[0m
2025-01-17 21:15:30,271 - INFO - helpers_bot.py - [1;33mdani_14k[0m:[94m@duoszcol[0m
2025-01-17 21:15:33,661 - INFO - helpers_bot.py - [1;33mduoszcol[0m:[94maita[0m
2025-01-17 21:15:40,994 - INFO - helpers_bot.py - [1;33mdani_14k[0m:[94mhaber[0m
2025-01-17 21:15:45,799 - INFO - helpers_bot.py - [1;33mlacrimotaku[0m:[94mswei[0m
2025-01-17 21:15:48,221 - INFO - helpers_bot.py - [1;33mdani_14k[0m:[94m!memide[0m
2025-01-17 21:15:54,640 - INFO - helpers_bot.py - [1;33mduoszcol[0m:[94malgo[0m
2025-01-17 21:15:56,743 - INFO - helpers_bot.py - [1;33mlauunieves[0m:[94mc[0m
2025-01-17 21:15:59,863 - WARNING - bot.py - Cargando token...

2025-01-17 21:15:59,867 - INFO - bot.py - -> Iniciando módulos Twitch
2025-01-17 21:16:00,906 - INFO - websocket.py - Successfully logged onto Twitch WS: danndato
2025-01-17 21:16:01,009 - INFO - helpers_bot.py - [1;35mdanndato se ha unido[0m
2025-01-17 21:16:01,011 - INFO - bot.py - Bot conectado como danndato
2025-01-17 21:16:01,011 - INFO - bot.py - En el canal: [0m439400816
2025-01-17 21:16:07,796 - INFO - helpers_bot.py - [1;33mmarlightwi[0m:[94m!memide[0m
2025-01-17 21:16:10,849 - INFO - helpers_bot.py - [1;33mdanndato[0m:[94m!xp[0m
2025-01-17 21:16:17,944 - INFO - helpers_bot.py - [1;33mmarlightwi[0m:[94mcaitthinking[0m
2025-01-17 21:16:20,454 - INFO - helpers_bot.py - [1;33mdani_14k[0m:[94m!xp[0m
2025-01-17 21:16:31,880 - INFO - helpers_bot.py - [1;35malexcorell23 se ha unido[0m
2025-01-17 21:16:31,926 - INFO - helpers_bot.py - [1;35mlocochon972 se ha unido[0m
2025-01-17 21:16:32,001 - INFO - helpers_bot.py - [1;35melchihuahua4 se ha unido[0m
2025-01-17 21:16:32,074 - INFO - helpers_bot.py - [1;35mduoszcol se ha unido[0m
2025-01-17 21:16:32,124 - INFO - helpers_bot.py - [1;35mmarlightwi se ha unido[0m
2025-01-17 21:16:32,187 - INFO - helpers_bot.py - [1;35mlacrimotaku se ha unido[0m
2025-01-17 21:16:32,252 - INFO - helpers_bot.py - [1;35mtanijane37 se ha unido[0m
2025-01-17 21:16:32,285 - INFO - helpers_bot.py - [1;35mxxaliciakeysxx se ha unido[0m
2025-01-17 21:16:32,324 - INFO - helpers_bot.py - [1;35mlauunieves se ha unido[0m
2025-01-17 21:16:32,398 - INFO - helpers_bot.py - [1;35mvalenaath se ha unido[0m
2025-01-17 21:16:32,457 - INFO - helpers_bot.py - [1;35mlatierraesplanasiono se ha unido[0m
2025-01-17 21:16:32,499 - INFO - helpers_bot.py - [1;35mmryiin_ se ha unido[0m
2025-01-17 21:16:32,546 - INFO - helpers_bot.py - [1;35mxenogamegd1 se ha unido[0m
2025-01-17 21:16:32,609 - INFO - helpers_bot.py - [1;35mdani_14k se ha unido[0m
2025-01-17 21:16:32,688 - INFO - helpers_bot.py - [1;35mpato_rendon se ha unido[0m
2025-01-17 21:16:37,213 - INFO - helpers_bot.py - [1;33mmarlightwi[0m:[94mxp[0m
2025-01-17 21:16:37,336 - INFO - helpers_bot.py - [1;33mdanndato[0m:[94m!xp[0m
2025-01-17 21:16:39,248 - INFO - helpers_bot.py - [1;33mtanijane37[0m:[94m!sr[0m
2025-01-17 21:16:39,249 - INFO - general.py - tanijane37Uso SR
2025-01-17 21:16:39,583 - INFO - helpers_bot.py - [1;33mnightbot[0m:[94m@tanijane37[0m
2025-01-17 21:16:51,943 - INFO - helpers_bot.py - [1;33mmryiin_[0m:[94m!xp[0m
2025-01-17 21:17:08,108 - INFO - helpers_bot.py - [1;33mlacrimotaku[0m:[94ma[0m
2025-01-17 21:17:08,480 - INFO - helpers_bot.py - [1;33mlauunieves[0m:[94mque[0m
2025-01-17 21:17:14,054 - INFO - helpers_bot.py - [1;33mdani_14k[0m:[94m!xp[0m
2025-01-17 21:17:20,485 - INFO - helpers_bot.py - [1;33mduoszcol[0m:[94m!xp[0m
2025-01-17 21:17:23,046 - INFO - helpers_bot.py - [1;33mlacrimotaku[0m:[94mla[0m
2025-01-17 21:17:28,662 - INFO - helpers_bot.py - [1;33mlauunieves[0m:[94msin[0m
2025-01-17 21:17:30,232 - INFO - helpers_bot.py - [1;33mdani_14k[0m:[94mmi[0m
2025-01-17 21:17:34,073 - INFO - helpers_bot.py - [1;33mlauunieves[0m:[94mestado[0m
2025-01-17 21:17:35,860 - INFO - helpers_bot.py - [1;33mlacrimotaku[0m:[94mlooser[0m
2025-01-17 21:17:38,055 - INFO - helpers_bot.py - [1;33mdanndato[0m:[94m!xp[0m
2025-01-17 21:17:43,071 - INFO - helpers_bot.py - [1;33mdani_14k[0m:[94mwow[0m
2025-01-17 21:17:43,583 - INFO - helpers_bot.py - [1;33mmarlightwi[0m:[94mwwitshjdahsjahsj[0m
2025-01-17 21:17:54,313 - INFO - helpers_bot.py - [1;33mlauunieves[0m:[94m!xp[0m
2025-01-17 21:17:58,380 - INFO - helpers_bot.py - [1;33mlauunieves[0m:[94mf[0m
2025-01-17 21:17:58,746 - INFO - helpers_bot.py - [1;33mdani_14k[0m:[94mloslorpedro[0m
2025-01-17 21:18:01,122 - INFO - helpers_bot.py - [1;33mmarlightwi[0m:[94mjinxlul[0m
2025-01-17 21:18:05,373 - INFO - helpers_bot.py - [1;33mdanndato[0m:[94m!end[0m
2025-01-17 21:18:05,451 - INFO - helpers_admin.py - Stream iniciado el 2025-01-17 19:19:21 ha sido finalizado correctamente a las 2025-01-17 21:18:05.
2025-01-17 21:18:05,617 - INFO - helpers_stats.py - Estadísticas actualizadas: top_chatter_day | daividjb12: 1
2025-01-17 21:18:05,660 - INFO - helpers_xp.py - Procesando datos entre 2025-01-17 19:19:21 y 2025-01-17 21:18:05...
2025-01-17 21:18:05,852 - INFO - helpers_stats.py - Estadísticas actualizadas: xp_Resistencia | dani_14k: 0.6056581408276087
2025-01-17 21:18:05,933 - INFO - helpers_stats.py - Estadísticas actualizadas: xp_Habilidad | dani_14k: 1.6738535522218527
2025-01-17 21:18:06,018 - INFO - helpers_stats.py - Estadísticas actualizadas: xp_Fuerza | dani_14k: 2.086359830674748
2025-01-17 21:18:06,221 - INFO - helpers_stats.py - Estadísticas actualizadas: xp_Resistencia | marlightwi: 0.5872644752188905
2025-01-17 21:18:06,293 - INFO - helpers_stats.py - Estadísticas actualizadas: xp_Habilidad | marlightwi: 1.6458769367996835
2025-01-17 21:18:06,380 - INFO - helpers_stats.py - Estadísticas actualizadas: xp_Fuerza | marlightwi: 1.890421018800914
2025-01-17 21:18:06,492 - INFO - helpers_stats.py - Estadísticas actualizadas: xp_Resistencia | valenaath: 0.4540189988470687
2025-01-17 21:18:06,563 - INFO - helpers_stats.py - Estadísticas actualizadas: xp_Habilidad | valenaath: 1.2519076352801461
2025-01-17 21:18:06,673 - INFO - helpers_stats.py - Estadísticas actualizadas: xp_Fuerza | valenaath: 1.716003343634799
2025-01-17 21:18:06,887 - INFO - helpers_stats.py - Estadísticas actualizadas: xp_Resistencia | danndato: 0.4044806697601502
2025-01-17 21:18:06,976 - INFO - helpers_stats.py - Estadísticas actualizadas: xp_Habilidad | danndato: 1.10888666221108
2025-01-17 21:18:07,067 - INFO - helpers_stats.py - Estadísticas actualizadas: xp_Fuerza | danndato: 1.413299764081252
2025-01-17 21:18:07,152 - INFO - helpers_stats.py - Estadísticas actualizadas: xp_Resistencia | linea_de_vida_oficial: 0.040477140832499696
2025-01-17 21:18:07,245 - INFO - helpers_stats.py - Estadísticas actualizadas: xp_Habilidad | linea_de_vida_oficial: 2.1547290184283368
2025-01-17 21:18:07,372 - INFO - helpers_stats.py - Estadísticas actualizadas: xp_Fuerza | linea_de_vida_oficial: 0.9822712330395683
2025-01-17 21:18:07,572 - INFO - helpers_stats.py - Estadísticas actualizadas: xp_Resistencia | daividjb12: 0.3278104998009472
2025-01-17 21:18:07,632 - INFO - helpers_stats.py - Estadísticas actualizadas: xp_Habilidad | daividjb12: 1.622481682026222
2025-01-17 21:18:07,739 - INFO - helpers_stats.py - Estadísticas actualizadas: xp_Fuerza | daividjb12: 1.5976951859255122
2025-01-17 21:18:07,930 - INFO - helpers_stats.py - Estadísticas actualizadas: xp_Resistencia | lauunieves: 0.5186106944330876
2025-01-17 21:18:08,005 - INFO - helpers_stats.py - Estadísticas actualizadas: xp_Habilidad | lauunieves: 1.9051849594539976
2025-01-17 21:18:08,119 - INFO - helpers_stats.py - Estadísticas actualizadas: xp_Fuerza | lauunieves: 1.8785217955012063
2025-01-17 21:18:08,260 - INFO - helpers_stats.py - Estadísticas actualizadas: xp_Resistencia | lacrimotaku: 0.5500469505109497
2025-01-17 21:18:08,354 - INFO - helpers_stats.py - Estadísticas actualizadas: xp_Habilidad | lacrimotaku: 1.4982983545287878
2025-01-17 21:18:08,442 - INFO - helpers_stats.py - Estadísticas actualizadas: xp_Fuerza | lacrimotaku: 1.8115750058705933
2025-01-17 21:18:08,573 - INFO - helpers_stats.py - Estadísticas actualizadas: xp_Resistencia | tanijane37: 0.6095631031383374
2025-01-17 21:18:08,674 - INFO - helpers_stats.py - Estadísticas actualizadas: xp_Habilidad | tanijane37: 1.8318355007410323
2025-01-17 21:18:08,742 - INFO - helpers_stats.py - Estadísticas actualizadas: xp_Fuerza | tanijane37: 2.09795107099415
2025-01-17 21:18:08,940 - INFO - helpers_stats.py - Estadísticas actualizadas: xp_Resistencia | mryiin_: 0.31083947434290204
2025-01-17 21:18:09,030 - INFO - helpers_stats.py - Estadísticas actualizadas: xp_Habilidad | mryiin_: 0.9961464211187492
2025-01-17 21:18:09,122 - INFO - helpers_stats.py - Estadísticas actualizadas: xp_Fuerza | mryiin_: 1.1398790864012363
2025-01-17 21:18:09,316 - INFO - helpers_stats.py - Estadísticas actualizadas: xp_Resistencia | borre_temach: -0.0017685512245258891
2025-01-17 21:18:09,427 - INFO - helpers_stats.py - Estadísticas actualizadas: xp_Habilidad | borre_temach: 1.4142135623730951
2025-01-17 21:18:09,509 - INFO - helpers_stats.py - Estadísticas actualizadas: xp_Fuerza | borre_temach: 0.3424226808222062
2025-01-17 21:18:09,633 - INFO - helpers_stats.py - Estadísticas actualizadas: xp_Resistencia | alexcorell23: 0.2863798692083341
2025-01-17 21:18:09,710 - INFO - helpers_stats.py - Estadísticas actualizadas: xp_Habilidad | alexcorell23: 1.0614455552060438
2025-01-17 21:18:09,784 - INFO - helpers_stats.py - Estadísticas actualizadas: xp_Fuerza | alexcorell23: 1.1760912590556811
2025-01-17 21:18:09,906 - INFO - helpers_stats.py - Estadísticas actualizadas: xp_Resistencia | dragomontana23: 0.14079166666666668
2025-01-17 21:18:10,007 - INFO - helpers_stats.py - Estadísticas actualizadas: xp_Habilidad | dragomontana23: 1.6090024514862893
2025-01-17 21:18:10,065 - INFO - helpers_stats.py - Estadísticas actualizadas: xp_Fuerza | dragomontana23: 0.7558748556724912
2025-01-17 21:18:10,417 - INFO - helpers_stats.py - Estadísticas actualizadas: xp_Resistencia | pavel_lonches: 0.005493137260092669
2025-01-17 21:18:10,468 - INFO - helpers_stats.py - Estadísticas actualizadas: xp_Habilidad | pavel_lonches: 2.0
2025-01-17 21:18:10,517 - INFO - helpers_stats.py - Estadísticas actualizadas: xp_Fuerza | pavel_lonches: 0.5051499783199059
2025-01-17 21:18:10,633 - INFO - helpers_stats.py - Estadísticas actualizadas: xp_Resistencia | duoszcol: 0.41553431025069026
2025-01-17 21:18:10,685 - INFO - helpers_stats.py - Estadísticas actualizadas: xp_Habilidad | duoszcol: 1.0954451150103321
2025-01-17 21:18:10,736 - INFO - helpers_stats.py - Estadísticas actualizadas: xp_Fuerza | duoszcol: 1.4683473304121573
2025-01-17 21:18:10,899 - INFO - helpers_stats.py - Estadísticas actualizadas: xp_Resistencia | mini_snack: 0.05315441830495107
2025-01-17 21:18:10,955 - INFO - helpers_stats.py - Estadísticas actualizadas: xp_Habilidad | mini_snack: 0.9219544457292888
2025-01-17 21:18:11,012 - INFO - helpers_stats.py - Estadísticas actualizadas: xp_Fuerza | mini_snack: 0.6020599913279623
2025-01-17 21:18:11,150 - INFO - helpers_stats.py - Estadísticas actualizadas: xp_Resistencia | elkoalam: 0.017767786883759858
2025-01-17 21:18:11,207 - INFO - helpers_stats.py - Estadísticas actualizadas: xp_Habilidad | elkoalam: 0.8366600265340756
2025-01-17 21:18:11,286 - INFO - helpers_stats.py - Estadísticas actualizadas: xp_Fuerza | elkoalam: 0.6532125137753436
2025-01-17 21:18:11,405 - INFO - helpers_stats.py - Estadísticas actualizadas: xp_Resistencia | imtitangg: 0.01873300655364936
2025-01-17 21:18:11,484 - INFO - helpers_stats.py - Estadísticas actualizadas: xp_Habilidad | imtitangg: 1.1902380714238083
2025-01-17 21:18:11,548 - INFO - helpers_stats.py - Estadísticas actualizadas: xp_Fuerza | imtitangg: 0.6812412373755873
2025-01-17 21:18:11,651 - INFO - helpers_stats.py - Estadísticas actualizadas: xp_Resistencia | xenogamegd1: 0.24616703060687106
2025-01-17 21:18:11,725 - INFO - helpers_stats.py - Estadísticas actualizadas: xp_Habilidad | xenogamegd1: 1.4242044126301618
2025-01-17 21:18:11,775 - INFO - helpers_stats.py - Estadísticas actualizadas: xp_Fuerza | xenogamegd1: 1.6646419755561253
2025-01-17 21:18:11,930 - INFO - helpers_stats.py - Estadísticas actualizadas: xp_Resistencia | rebeccas_llamalovermeow: -0.0017494446006387622
2025-01-17 21:18:11,980 - INFO - helpers_stats.py - Estadísticas actualizadas: xp_Habilidad | rebeccas_llamalovermeow: 1.0488088481701516
2025-01-17 21:18:12,022 - INFO - helpers_stats.py - Estadísticas actualizadas: xp_Fuerza | rebeccas_llamalovermeow: 0.380211241711606
2025-01-17 21:18:12,181 - INFO - helpers_stats.py - Estadísticas actualizadas: xp_Resistencia | mrlizz_: 0.0018147027231572097
2025-01-17 21:18:12,267 - INFO - helpers_stats.py - Estadísticas actualizadas: xp_Habilidad | mrlizz_: 1.192927878405448
2025-01-17 21:18:12,342 - INFO - helpers_stats.py - Estadísticas actualizadas: xp_Fuerza | mrlizz_: 0.662757831681574
2025-01-17 21:18:12,452 - INFO - helpers_xp.py - Actualización de estadísticas completada.
2025-01-17 21:18:12,584 - INFO - helpers_bot.py - [1;33mlauunieves[0m:[94mdannda3cheem[0m
2025-01-17 21:18:12,707 - INFO - helpers_bot.py - [1;33mtanijane37[0m:[94m!currentsong[0m
2025-01-17 21:18:12,813 - INFO - helpers_bot.py - [1;33mnightbot[0m:[94m@tanijane37[0m
2025-01-17 21:18:17,556 - INFO - helpers_bot.py - [1;33mdanndato[0m:[94m!ini[0m
2025-01-17 21:18:17,572 - INFO - helpers_admin.py - Último stream finalizado correctamente el 2025-01-17 21:18:05.
2025-01-17 21:18:17,632 - INFO - helpers_admin.py - Nuevo stream iniciado correctamente a las 2025-01-17 21:18:17.
2025-01-17 21:18:18,418 - INFO - helpers_bot.py - [1;33mduoszcol[0m:[94m!xp[0m
2025-01-17 21:18:22,873 - INFO - helpers_bot.py - [1;33mtanijane37[0m:[94mojo[0m
2025-01-17 21:18:28,070 - INFO - helpers_bot.py - [1;33mdani_14k[0m:[94mloslorchipichipi[0m
2025-01-17 21:18:37,358 - INFO - helpers_bot.py - [1;33mdani_14k[0m:[94m@tanijane37[0m
2025-01-17 21:18:38,237 - INFO - helpers_bot.py - [1;33mdanndato[0m:[94m!xp[0m
2025-01-17 21:18:38,497 - INFO - helpers_bot.py - [1;33mtanijane37[0m:[94mfanpirdisco[0m
2025-01-17 21:18:42,234 - INFO - helpers_bot.py - [1;33mmarlightwi[0m:[94mok???[0m
2025-01-17 21:18:43,920 - INFO - helpers_bot.py - [1;33mlauunieves[0m:[94m!xp[0m
2025-01-17 21:18:44,661 - INFO - helpers_bot.py - [1;35mmrpenguin16 se ha unido[0m
2025-01-17 21:18:44,764 - INFO - helpers_bot.py - [1;35mtanijane37 se ha unido[0m
2025-01-17 21:18:49,566 - INFO - helpers_bot.py - [1;33mmarlightwi[0m:[94momaga[0m
2025-01-17 21:18:50,045 - INFO - helpers_bot.py - [1;33mtanijane37[0m:[94m@dani_14k[0m
2025-01-17 21:18:59,630 - INFO - helpers_bot.py - [1;33mlacrimotaku[0m:[94mel[0m
2025-01-17 21:19:03,067 - INFO - helpers_bot.py - [1;33mdanndato[0m:[94m!xp[0m
2025-01-17 21:19:16,542 - INFO - helpers_bot.py - [1;33mmarlightwi[0m:[94mcaitthinking[0m
2025-01-17 21:19:17,081 - INFO - helpers_bot.py - [1;33mlacrimotaku[0m:[94mchat?[0m
2025-01-17 21:19:20,017 - INFO - helpers_bot.py - [1;33mlacrimotaku[0m:[94minteracciones?[0m
2025-01-17 21:19:22,254 - INFO - helpers_bot.py - [1;33mdani_14k[0m:[94m@tanijane37[0m
2025-01-17 21:19:23,993 - INFO - helpers_bot.py - [1;33mmarlightwi[0m:[94mpor[0m
2025-01-17 21:19:28,562 - INFO - helpers_bot.py - [1;33mdanndato[0m:[94m!player[0m
2025-01-17 21:19:32,735 - INFO - helpers_bot.py - [1;33malexcorell23[0m:[94m!sr[0m
2025-01-17 21:19:32,736 - INFO - general.py - alexcorell23Uso SR
2025-01-17 21:19:33,299 - INFO - helpers_bot.py - [1;33mnightbot[0m:[94m@alexcorell23[0m
2025-01-17 21:19:34,774 - INFO - helpers_bot.py - [1;33mdani_14k[0m:[94m!xp[0m
2025-01-17 21:19:52,235 - INFO - helpers_bot.py - [1;33mdani_14k[0m:[94myo[0m
2025-01-17 21:19:59,095 - INFO - helpers_bot.py - [1;33mmarlightwi[0m:[94mfallhalp[0m
2025-01-17 21:20:01,130 - INFO - helpers_bot.py - [1;33mdanndato[0m:[94m!player[0m
2025-01-17 21:20:02,838 - INFO - helpers_bot.py - [1;33mduoszcol[0m:[94mno[0m
2025-01-17 21:20:05,391 - INFO - helpers_bot.py - [1;33mmarlightwi[0m:[94msoy[0m
2025-01-17 21:20:10,675 - INFO - helpers_bot.py - [1;33mmarlightwi[0m:[94mno[0m
2025-01-17 21:20:14,136 - INFO - helpers_bot.py - [1;33mtanijane37[0m:[94m<3[0m
2025-01-17 21:20:15,870 - INFO - helpers_bot.py - [1;33mduoszcol[0m:[94myo[0m
2025-01-17 21:20:18,654 - INFO - helpers_bot.py - [1;33mlacrimotaku[0m:[94mdime[0m
2025-01-17 21:20:19,697 - INFO - helpers_bot.py - [1;33mdanndato[0m:[94m!player[0m
2025-01-17 21:20:20,051 - INFO - helpers_bot.py - [1;33mtanijane37[0m:[94mttcloveroll[0m
2025-01-17 21:20:20,290 - INFO - helpers_bot.py - [1;33mdani_14k[0m:[94m!sr[0m
2025-01-17 21:20:20,292 - INFO - general.py - dani_14kUso SR
2025-01-17 21:20:21,083 - INFO - helpers_bot.py - [1;33mnightbot[0m:[94m@dani_14k[0m
2025-01-17 21:20:24,984 - INFO - helpers_bot.py - [1;33mtanijane37[0m:[94mttcfire2[0m
2025-01-17 21:20:35,618 - INFO - helpers_bot.py - [1;33mduoszcol[0m:[94m!abrazo[0m
2025-01-17 21:20:45,885 - INFO - helpers_bot.py - [1;33mvalenaath[0m:[94mpopnemo[0m
2025-01-17 21:21:01,453 - INFO - helpers_bot.py - [1;33mtanijane37[0m:[94m!abrazo[0m
2025-01-17 21:21:03,472 - INFO - helpers_bot.py - [1;33mdanndato[0m:[94m!player[0m
2025-01-17 21:21:09,385 - INFO - helpers_bot.py - [1;33mtanijane37[0m:[94msmokin66heartz[0m
2025-01-17 21:21:21,281 - INFO - helpers_bot.py - [1;33mvalenaath[0m:[94malaa[0m
2025-01-17 21:21:21,675 - INFO - helpers_bot.py - [1;33mtanijane37[0m:[94maa1heart2[0m
2025-01-17 21:21:32,270 - INFO - helpers_bot.py - [1;33mmryiin_[0m:[94m!player[0m
2025-01-17 21:21:35,856 - INFO - helpers_bot.py - [1;33mmarlightwi[0m:[94mcómo[0m
2025-01-17 21:21:37,119 - INFO - helpers_bot.py - [1;33mmryiin_[0m:[94mjajajaja[0m
2025-01-17 21:21:47,818 - INFO - helpers_bot.py - [1;33mmrpenguin16[0m:[94mmi[0m
2025-01-17 21:21:49,210 - INFO - helpers_bot.py - [1;33mmarlightwi[0m:[94mfallhalp[0m
2025-01-17 21:21:58,272 - INFO - helpers_bot.py - [1;33mdani_14k[0m:[94m@mrpenguin16[0m
2025-01-17 21:22:07,426 - INFO - helpers_bot.py - [1;33mdanndato[0m:[94m!player[0m
2025-01-17 21:22:08,412 - INFO - helpers_bot.py - [1;33mmarlightwi[0m:[94mtengo[0m
2025-01-17 21:22:10,562 - INFO - helpers_bot.py - [1;33mmrpenguin16[0m:[94m@dani_14k[0m
2025-01-17 21:22:12,611 - INFO - helpers_bot.py - [1;33mmarlightwi[0m:[94mshao[0m
2025-01-17 21:22:13,072 - INFO - helpers_bot.py - [1;33mtanijane37[0m:[94m!adtime[0m
2025-01-17 21:22:19,818 - INFO - helpers_bot.py - [1;33mlacrimotaku[0m:[94mhahaha[0m
2025-01-17 21:22:23,167 - INFO - helpers_bot.py - [1;33mtanijane37[0m:[94m!addtime[0m
2025-01-17 21:22:30,263 - INFO - helpers_bot.py - [1;33mlauunieves[0m:[94mdannda3cheem[0m
2025-01-17 21:22:34,078 - INFO - helpers_bot.py - [1;33mmrpenguin16[0m:[94mestadísticas[0m
2025-01-17 21:22:36,662 - INFO - helpers_bot.py - [1;33mtanijane37[0m:[94mahí[0m
2025-01-17 21:22:42,322 - INFO - helpers_bot.py - [1;33mdani_14k[0m:[94m!xp[0m
2025-01-17 21:22:46,755 - INFO - helpers_bot.py - [1;33mdanndato[0m:[94m!ini[0m
2025-01-17 21:22:46,767 - WARNING - helpers_admin.py - Ya hay un stream iniciado y sin cerrar.
2025-01-17 21:23:15,072 - INFO - helpers_bot.py - [1;33mmrpenguin16[0m:[94mosea[0m
2025-01-17 21:23:24,462 - INFO - helpers_bot.py - [1;33mdani_14k[0m:[94m@mrpenguin16[0m
2025-01-17 21:23:28,848 - INFO - helpers_bot.py - [1;33mtanijane37[0m:[94m!sr[0m
2025-01-17 21:23:28,850 - INFO - general.py - tanijane37Uso SR
2025-01-17 21:23:29,209 - INFO - helpers_bot.py - [1;33mnightbot[0m:[94m@tanijane37[0m
2025-01-17 21:23:46,361 - INFO - helpers_bot.py - [1;33mmrpenguin16[0m:[94mni[0m
2025-01-17 21:23:51,509 - INFO - helpers_bot.py - [1;33mtanijane37[0m:[94m!sr[0m
2025-01-17 21:23:51,511 - INFO - general.py - tanijane37Uso SR
2025-01-17 21:23:51,904 - INFO - helpers_bot.py - [1;33mnightbot[0m:[94m@tanijane37[0m
2025-01-17 21:23:56,640 - INFO - helpers_bot.py - [1;33mdani_14k[0m:[94mosea[0m
2025-01-17 21:23:57,700 - INFO - helpers_bot.py - [1;33mtanijane37[0m:[94m!mensajes[0m
2025-01-17 21:23:58,045 - INFO - helpers_bot.py - [1;33mlacrimotaku[0m:[94m!sr[0m
2025-01-17 21:23:58,046 - INFO - general.py - lacrimotakuUso SR
2025-01-17 21:23:58,413 - INFO - helpers_bot.py - [1;33mnightbot[0m:[94m@lacrimotaku[0m
2025-01-17 21:24:13,680 - INFO - helpers_bot.py - [1;33mtanijane37[0m:[94molee[0m
2025-01-17 21:24:21,253 - INFO - helpers_bot.py - [1;33mdani_14k[0m:[94m!player[0m
2025-01-17 21:24:32,535 - INFO - helpers_bot.py - [1;33mtanijane37[0m:[94m!player[0m
2025-01-17 21:24:35,540 - INFO - helpers_bot.py - [1;33mmrpenguin16[0m:[94m@dani_14k[0m
2025-01-17 21:24:39,081 - INFO - helpers_bot.py - [1;33mtanijane37[0m:[94mque[0m
2025-01-17 21:24:40,957 - INFO - helpers_bot.py - [1;33mvalenaath[0m:[94mme[0m
2025-01-17 21:24:41,064 - INFO - helpers_bot.py - [1;33mdani_14k[0m:[94m!mensajes[0m
2025-01-17 21:24:54,418 - INFO - helpers_bot.py - [1;33mdani_14k[0m:[94m@mrpenguin16[0m
2025-01-17 21:24:55,468 - INFO - helpers_bot.py - [1;33mtanijane37[0m:[94m@dani_14k[0m
2025-01-17 21:25:11,878 - INFO - helpers_bot.py - [1;33mdani_14k[0m:[94m@tanijane37[0m
2025-01-17 21:25:18,372 - INFO - helpers_bot.py - [1;33mdanndato[0m:[94m!tip[0m
2025-01-17 21:25:19,729 - INFO - helpers_bot.py - [1;33mtanijane37[0m:[94msip[0m
2025-01-17 21:25:22,464 - INFO - helpers_bot.py - [1;33mdanndato[0m:[94m!top[0m
2025-01-17 21:25:29,704 - INFO - helpers_bot.py - [1;33mlacrimotaku[0m:[94mentendido[0m
2025-01-17 21:25:37,927 - INFO - helpers_bot.py - [1;33mtanijane37[0m:[94m!xp[0m
2025-01-17 21:25:48,553 - INFO - helpers_bot.py - [1;33mmrpenguin16[0m:[94men[0m
2025-01-17 21:25:52,581 - INFO - helpers_bot.py - [1;33mtanijane37[0m:[94m!currentsong[0m
2025-01-17 21:25:52,771 - INFO - helpers_bot.py - [1;33mnightbot[0m:[94m@tanijane37[0m
2025-01-17 21:26:04,631 - INFO - helpers_bot.py - [1;33mtanijane37[0m:[94m@marlightwi[0m
2025-01-17 21:26:23,466 - INFO - helpers_bot.py - [1;33mtanijane37[0m:[94m!ladrillo[0m
2025-01-17 21:26:23,582 - INFO - helpers_stats.py - Estadísticas actualizadas: ladrillos | channel: 1
2025-01-17 21:26:23,626 - INFO - helpers_stats.py - Estadísticas actualizadas: xp_Resistencia | tanijane37: 0.15
2025-01-17 21:26:29,949 - INFO - helpers_bot.py - [1;33mtanijane37[0m:[94msingsnote[0m
2025-01-17 21:26:34,210 - INFO - helpers_bot.py - [1;33mtanijane37[0m:[94m!ladrillo[0m
2025-01-17 21:26:34,275 - INFO - helpers_stats.py - Estadísticas actualizadas: ladrillos | channel: 1
2025-01-17 21:26:34,339 - INFO - helpers_stats.py - Estadísticas actualizadas: xp_Resistencia | tanijane37: 0.15
2025-01-17 21:26:39,028 - INFO - helpers_bot.py - [1;33mdani_14k[0m:[94m!ban?[0m
2025-01-17 21:26:49,908 - INFO - helpers_bot.py - [1;33mlacrimotaku[0m:[94mcon[0m
2025-01-17 21:26:50,884 - INFO - helpers_bot.py - [1;33mtanijane37[0m:[94mttcgift[0m
2025-01-17 21:26:53,191 - INFO - helpers_bot.py - [1;33mdani_14k[0m:[94m!ban?[0m
2025-01-17 21:26:55,182 - INFO - helpers_bot.py - [1;33mmrpenguin16[0m:[94mno[0m
2025-01-17 21:27:01,720 - INFO - helpers_bot.py - [1;33mtanijane37[0m:[94m!ladrilllo[0m
2025-01-17 21:27:07,242 - INFO - helpers_bot.py - [1;33mtanijane37[0m:[94mbangboobounce[0m
2025-01-17 21:27:09,927 - INFO - helpers_bot.py - [1;33mdani_14k[0m:[94m@mrpenguin16[0m
2025-01-17 21:27:15,652 - INFO - helpers_bot.py - [1;33mtanijane37[0m:[94m!ladrillo[0m
2025-01-17 21:27:15,746 - INFO - helpers_stats.py - Estadísticas actualizadas: ladrillos | channel: 1
2025-01-17 21:27:15,870 - INFO - helpers_stats.py - Estadísticas actualizadas: xp_Resistencia | tanijane37: 0.15
2025-01-17 21:27:28,308 - INFO - helpers_bot.py - [1;33mdani_14k[0m:[94m!ladrillo[0m
2025-01-17 21:27:28,410 - INFO - helpers_stats.py - Estadísticas actualizadas: ladrillos | channel: 1
2025-01-17 21:27:28,506 - INFO - helpers_stats.py - Estadísticas actualizadas: xp_Resistencia | dani_14k: 0.15
2025-01-17 21:27:54,081 - INFO - helpers_bot.py - [1;33mmrpenguin16[0m:[94mpa[0m
2025-01-17 21:28:09,199 - WARNING - bot.py - Cargando token...

2025-01-17 21:28:09,207 - INFO - bot.py - -> Iniciando módulos Twitch
2025-01-17 21:28:10,224 - INFO - websocket.py - Successfully logged onto Twitch WS: danndato
2025-01-17 21:28:10,333 - INFO - helpers_bot.py - [1;35mdanndato se ha unido[0m
2025-01-17 21:28:10,334 - INFO - bot.py - Bot conectado como danndato
2025-01-17 21:28:10,337 - INFO - bot.py - En el canal: [0m439400816
2025-01-17 21:28:10,576 - INFO - helpers_bot.py - [1;33mdani_14k[0m:[94malgo[0m
2025-01-17 21:28:17,755 - INFO - helpers_bot.py - [1;33mtanijane37[0m:[94mesa[0m
2025-01-17 21:28:21,817 - INFO - helpers_bot.py - [1;33mdani_14k[0m:[94m@mrpenguin16[0m
2025-01-17 21:28:25,463 - INFO - helpers_bot.py - [1;33mdanndato[0m:[94m!top[0m
2025-01-17 21:28:29,214 - INFO - helpers_bot.py - [1;33mmrpenguin16[0m:[94m!ladrillos[0m
2025-01-17 21:28:31,455 - INFO - helpers_bot.py - [1;35mpato_rendon se ha unido[0m
2025-01-17 21:28:31,534 - INFO - helpers_bot.py - [1;35mtanijane37 se ha unido[0m
2025-01-17 21:28:31,625 - INFO - helpers_bot.py - [1;35mxxaliciakeysxx se ha unido[0m
2025-01-17 21:28:31,693 - INFO - helpers_bot.py - [1;35mmrpenguin16 se ha unido[0m
2025-01-17 21:28:31,737 - INFO - helpers_bot.py - [1;35mmryiin_ se ha unido[0m
2025-01-17 21:28:31,814 - INFO - helpers_bot.py - [1;35melchihuahua4 se ha unido[0m
2025-01-17 21:28:31,888 - INFO - helpers_bot.py - [1;35mlacrimotaku se ha unido[0m
2025-01-17 21:28:31,950 - INFO - helpers_bot.py - [1;35malexcorell23 se ha unido[0m
2025-01-17 21:28:31,999 - INFO - helpers_bot.py - [1;35mlauunieves se ha unido[0m
2025-01-17 21:28:32,054 - INFO - helpers_bot.py - [1;35mxenogamegd1 se ha unido[0m
2025-01-17 21:28:32,095 - INFO - helpers_bot.py - [1;35mlocochon972 se ha unido[0m
2025-01-17 21:28:32,183 - INFO - helpers_bot.py - [1;35mduoszcol se ha unido[0m
2025-01-17 21:28:32,241 - INFO - helpers_bot.py - [1;35mlatierraesplanasiono se ha unido[0m
2025-01-17 21:28:32,322 - INFO - helpers_bot.py - [1;35mdani_14k se ha unido[0m
2025-01-17 21:28:34,068 - INFO - helpers_bot.py - [1;33mlacrimotaku[0m:[94mun[0m
2025-01-17 21:28:34,236 - INFO - helpers_bot.py - [1;33mdani_14k[0m:[94msin[0m
2025-01-17 21:28:41,790 - INFO - helpers_bot.py - [1;33mmrpenguin16[0m:[94mya[0m
2025-01-17 21:28:52,285 - INFO - helpers_bot.py - [1;33mtanijane37[0m:[94m!ladrillo[0m
2025-01-17 21:28:52,387 - INFO - helpers_stats.py - Estadísticas actualizadas: ladrillos | channel: 1
2025-01-17 21:28:52,507 - INFO - helpers_stats.py - Estadísticas actualizadas: xp_Resistencia | tanijane37: 0.15
2025-01-17 21:28:56,629 - INFO - helpers_bot.py - [1;33mmrpenguin16[0m:[94m!ladrillo[0m
2025-01-17 21:28:56,680 - INFO - helpers_stats.py - Estadísticas actualizadas: ladrillos | channel: 1
2025-01-17 21:28:56,736 - INFO - helpers_stats.py - Estadísticas actualizadas: xp_Resistencia | mrpenguin16: 0.15
2025-01-17 21:29:01,969 - INFO - helpers_bot.py - [1;33mdani_14k[0m:[94m!ladrillo[0m
2025-01-17 21:29:02,074 - INFO - helpers_stats.py - Estadísticas actualizadas: ladrillos | channel: 1
2025-01-17 21:29:02,152 - INFO - helpers_stats.py - Estadísticas actualizadas: xp_Resistencia | dani_14k: 0.15
2025-01-17 21:29:19,751 - INFO - helpers_bot.py - [1;33mtanijane37[0m:[94mtreatcorn[0m
2025-01-17 21:29:24,746 - INFO - helpers_bot.py - [1;33mtanijane37[0m:[94m!ladrillo[0m
2025-01-17 21:29:24,819 - INFO - helpers_stats.py - Estadísticas actualizadas: ladrillos | channel: 1
2025-01-17 21:29:24,917 - INFO - helpers_stats.py - Estadísticas actualizadas: xp_Resistencia | tanijane37: 0.15
2025-01-17 21:29:56,049 - INFO - helpers_bot.py - [1;33mmrpenguin16[0m:[94mno[0m
2025-01-17 21:30:33,264 - INFO - helpers_bot.py - [1;33mdanndato[0m:[94m!player[0m
2025-01-17 21:30:37,384 - INFO - helpers_bot.py - [1;33mxenogamegd1[0m:[94mrevivi,[0m
2025-01-17 21:30:42,208 - INFO - helpers_bot.py - [1;33mxenogamegd1[0m:[94mcontexto?[0m
2025-01-17 21:30:46,663 - INFO - helpers_bot.py - [1;33mmrpenguin16[0m:[94mque[0m
2025-01-17 21:31:03,788 - INFO - helpers_bot.py - [1;33mxenogamegd1[0m:[94mxp?[0m
2025-01-17 21:31:13,467 - INFO - helpers_bot.py - [1;33mxenogamegd1[0m:[94mlo[0m
2025-01-17 21:31:18,221 - INFO - helpers_bot.py - [1;33mtanijane37[0m:[94m!currentsong[0m
2025-01-17 21:31:18,394 - INFO - helpers_bot.py - [1;33mnightbot[0m:[94m@tanijane37[0m
2025-01-17 21:31:39,751 - INFO - helpers_bot.py - [1;35mjeanca_03 se ha unido[0m
2025-01-17 21:31:40,657 - INFO - helpers_bot.py - [1;33mtanijane37[0m:[94mapoco[0m
2025-01-17 21:31:41,211 - INFO - helpers_bot.py - [1;33mdanndato[0m:[94m!player[0m
2025-01-17 21:31:48,322 - INFO - helpers_bot.py - [1;33mxenogamegd1[0m:[94mdi[0m
2025-01-17 21:31:58,876 - INFO - helpers_bot.py - [1;33mdanndato[0m:[94m!mensajestop[0m
2025-01-17 21:32:03,792 - INFO - helpers_bot.py - [1;33mtanijane37[0m:[94mentonces[0m
2025-01-17 21:32:06,669 - INFO - helpers_bot.py - [1;33mxenogamegd1[0m:[94mno[0m
2025-01-17 21:32:10,207 - INFO - helpers_bot.py - [1;33mdani_14k[0m:[94m!ban?[0m
2025-01-17 21:32:17,238 - INFO - helpers_bot.py - [1;33mtanijane37[0m:[94mlo[0m
2025-01-17 21:32:38,287 - INFO - helpers_bot.py - [1;33mmrpenguin16[0m:[94m!ban?[0m
2025-01-17 21:32:38,288 - WARNING - dynamic.py - mrpenguin16
2025-01-17 21:32:44,780 - INFO - helpers_bot.py - [1;33mdani_14k[0m:[94mel[0m
2025-01-17 21:32:50,986 - INFO - helpers_bot.py - [1;33mmrpenguin16[0m:[94mjajajaja[0m
2025-01-17 21:33:03,859 - INFO - helpers_bot.py - [1;33mdani_14k[0m:[94m!ban?[0m
2025-01-17 21:33:10,467 - INFO - helpers_bot.py - [1;33mxenogamegd1[0m:[94mdato[0m
2025-01-17 21:33:36,145 - INFO - helpers_bot.py - [1;33mxenogamegd1[0m:[94m!mensajes[0m
2025-01-17 21:33:42,550 - INFO - helpers_bot.py - [1;33mxenogamegd1[0m:[94ma[0m
2025-01-17 21:33:45,655 - INFO - helpers_bot.py - [1;33mdani_14k[0m:[94mojo[0m
2025-01-17 21:33:46,565 - INFO - helpers_bot.py - [1;33mxenogamegd1[0m:[94m!mensajes[0m
2025-01-17 21:34:09,266 - INFO - helpers_bot.py - [1;33mtanijane37[0m:[94m!currentsong[0m
2025-01-17 21:34:09,477 - INFO - helpers_bot.py - [1;33mnightbot[0m:[94m@tanijane37[0m
2025-01-17 21:34:17,113 - INFO - helpers_bot.py - [1;33mxenogamegd1[0m:[94mnivel[0m
2025-01-17 21:34:22,905 - INFO - helpers_bot.py - [1;33mtanijane37[0m:[94mesa[0m
2025-01-17 21:34:31,497 - INFO - helpers_bot.py - [1;33mtanijane37[0m:[94m!nextsong[0m
2025-01-17 21:34:31,749 - INFO - helpers_bot.py - [1;33mnightbot[0m:[94m@tanijane37[0m
2025-01-17 21:34:37,406 - INFO - helpers_bot.py - [1;33mtanijane37[0m:[94mvavav[0m
2025-01-17 21:34:38,774 - INFO - helpers_bot.py - [1;33mxenogamegd1[0m:[94mnivel[0m
2025-01-17 21:34:49,257 - INFO - helpers_bot.py - [1;33mtanijane37[0m:[94mtpfufun[0m
2025-01-17 21:34:56,435 - INFO - helpers_bot.py - [1;33mdani_14k[0m:[94mel[0m
2025-01-17 21:35:18,865 - INFO - helpers_bot.py - [1;33mxenogamegd1[0m:[94m10[0m
2025-01-17 21:35:20,978 - INFO - helpers_bot.py - [1;33mdani_14k[0m:[94mjjejejeje[0m
2025-01-17 21:35:21,752 - INFO - helpers_bot.py - [1;33mtanijane37[0m:[94mcomo[0m
2025-01-17 21:35:23,873 - INFO - helpers_bot.py - [1;33mxenogamegd1[0m:[94mfacil[0m
2025-01-17 21:35:35,362 - INFO - helpers_bot.py - [1;33mdani_14k[0m:[94m*banea[0m
2025-01-17 21:35:43,782 - INFO - helpers_bot.py - [1;33mtanijane37[0m:[94mpara[0m
2025-01-17 21:35:46,907 - INFO - helpers_bot.py - [1;33mdani_14k[0m:[94mhaci[0m
2025-01-17 21:35:48,436 - INFO - helpers_bot.py - [1;35mlatierraesplanasiono se ha unido[0m
2025-01-17 21:36:11,617 - INFO - helpers_bot.py - [1;33mtanijane37[0m:[94mvale[0m
2025-01-17 21:36:14,509 - INFO - helpers_bot.py - [1;33mxenogamegd1[0m:[94mno[0m
2025-01-17 21:36:15,870 - INFO - helpers_bot.py - [1;33mtanijane37[0m:[94moki[0m
2025-01-17 21:36:16,424 - INFO - helpers_bot.py - [1;33mmryiin_[0m:[94mnivel[0m
2025-01-17 21:36:26,342 - INFO - helpers_bot.py - [1;33mdani_14k[0m:[94my[0m
2025-01-17 21:36:49,450 - INFO - helpers_bot.py - [1;33mxenogamegd1[0m:[94mnivel[0m
2025-01-17 21:37:19,884 - INFO - helpers_bot.py - [1;33mtanijane37[0m:[94mfanpirbeyond[0m
2025-01-17 21:37:30,638 - INFO - helpers_bot.py - [1;33mtanijane37[0m:[94mdannda3si[0m
2025-01-17 21:37:31,984 - INFO - helpers_bot.py - [1;33mdani_14k[0m:[94m!ban?[0m
2025-01-17 21:37:33,138 - INFO - helpers_bot.py - [1;33mxenogamegd1[0m:[94men[0m
2025-01-17 21:37:34,290 - INFO - helpers_bot.py - [1;33mmrpenguin16[0m:[94mya[0m
2025-01-17 21:37:54,296 - INFO - helpers_bot.py - [1;33mdani_14k[0m:[94myo[0m
2025-01-17 21:37:58,771 - INFO - helpers_bot.py - [1;33mlacrimotaku[0m:[94mskin[0m
2025-01-17 21:38:10,645 - INFO - helpers_bot.py - [1;33mtanijane37[0m:[94msingsnote[0m
2025-01-17 21:38:23,078 - INFO - helpers_bot.py - [1;33mtanijane37[0m:[94m!volume[0m
2025-01-17 21:38:23,440 - INFO - helpers_bot.py - [1;33mlacrimotaku[0m:[94mcriticar[0m
2025-01-17 21:38:33,797 - INFO - helpers_bot.py - [1;33mtanijane37[0m:[94m!volume[0m
2025-01-17 21:38:34,479 - INFO - helpers_bot.py - [1;33mxenogamegd1[0m:[94m@lacrimotaku[0m
2025-01-17 21:38:36,654 - INFO - helpers_bot.py - [1;33mel_exo_17[0m:[94msolo[0m
2025-01-17 21:38:39,455 - INFO - helpers_bot.py - [1;33mtanijane37[0m:[94mglitchlit[0m
2025-01-17 21:38:42,525 - INFO - helpers_bot.py - [1;33mlacrimotaku[0m:[94moraaaaaaaaaaa[0m
2025-01-17 21:38:55,997 - INFO - helpers_bot.py - [1;33mdani_14k[0m:[94mskin[0m
2025-01-17 21:39:26,698 - INFO - helpers_bot.py - [1;33mdani_14k[0m:[94m*modo[0m
2025-01-17 21:39:33,454 - INFO - helpers_bot.py - [1;33mdani_14k[0m:[94mesta[0m
2025-01-17 21:39:38,527 - INFO - helpers_bot.py - [1;33mtanijane37[0m:[94msmokin66rockout[0m
2025-01-17 21:39:43,280 - INFO - helpers_bot.py - [1;33mxenogamegd1[0m:[94mmodo[0m
2025-01-17 21:39:44,967 - INFO - helpers_bot.py - [1;33mel_exo_17[0m:[94malguien[0m
2025-01-17 21:39:57,742 - INFO - helpers_bot.py - [1;33mel_exo_17[0m:[94myo[0m
2025-01-17 21:40:00,871 - INFO - helpers_bot.py - [1;33mdani_14k[0m:[94m@el_exo_17[0m
2025-01-17 21:40:03,454 - INFO - helpers_bot.py - [1;33mel_exo_17[0m:[94mno[0m
2025-01-17 21:40:04,067 - INFO - helpers_bot.py - [1;33mxenogamegd1[0m:[94mhay[0m
2025-01-17 21:40:15,081 - INFO - helpers_bot.py - [1;33mmrpenguin16[0m:[94mno[0m
2025-01-17 21:40:17,778 - INFO - helpers_bot.py - [1;33mdani_14k[0m:[94msi[0m
2025-01-17 21:40:31,659 - INFO - helpers_bot.py - [1;33mel_exo_17[0m:[94mel[0m
2025-01-17 21:40:33,243 - INFO - helpers_bot.py - [1;33mdani_14k[0m:[94mawebooooo[0m
2025-01-17 21:40:41,085 - INFO - helpers_bot.py - [1;33mdani_14k[0m:[94mvicent?[0m
2025-01-17 21:40:46,069 - INFO - helpers_bot.py - [1;33mdani_14k[0m:[94mel[0m
2025-01-17 21:40:46,739 - INFO - helpers_bot.py - [1;33mtanijane37[0m:[94mttchifishake[0m
2025-01-17 21:40:48,750 - INFO - helpers_bot.py - [1;33mxenogamegd1[0m:[94mvicent[0m
2025-01-17 21:40:53,025 - INFO - helpers_bot.py - [1;33mtanijane37[0m:[94maa1andybobs[0m
2025-01-17 21:40:53,880 - INFO - helpers_bot.py - [1;35mel_exo_17 se ha unido[0m
2025-01-17 21:40:58,155 - INFO - helpers_bot.py - [1;33mtanijane37[0m:[94maleolestrat[0m
2025-01-17 21:41:03,016 - INFO - helpers_bot.py - [1;33mlacrimotaku[0m:[94mera[0m
2025-01-17 21:41:06,605 - INFO - helpers_bot.py - [1;33mel_exo_17[0m:[94myo[0m
2025-01-17 21:41:09,272 - INFO - helpers_bot.py - [1;33mtanijane37[0m:[94m!vincent[0m
2025-01-17 21:41:13,113 - INFO - helpers_bot.py - [1;33mdani_14k[0m:[94mimposible[0m
2025-01-17 21:41:19,089 - INFO - helpers_bot.py - [1;33mtanijane37[0m:[94mqptv1qpulpo[0m
2025-01-17 21:41:24,717 - INFO - helpers_bot.py - [1;33mtanijane37[0m:[94msmokin66dubbydance[0m
2025-01-17 21:41:31,744 - INFO - helpers_bot.py - [1;33mdani_14k[0m:[94mla[0m
2025-01-17 21:41:33,124 - INFO - helpers_bot.py - [1;33mtanijane37[0m:[94mailenaragegif[0m
2025-01-17 21:41:42,668 - INFO - helpers_bot.py - [1;33mel_exo_17[0m:[94mhay[0m
2025-01-17 21:41:42,790 - INFO - helpers_bot.py - [1;33mtanijane37[0m:[94mlizkaypartywolf[0m
2025-01-17 21:41:43,990 - INFO - helpers_bot.py - [1;33mmrpenguin16[0m:[94mel[0m
2025-01-17 21:41:49,006 - INFO - helpers_bot.py - [1;33mtanijane37[0m:[94mailenautz2[0m
2025-01-17 21:41:57,594 - INFO - helpers_bot.py - [1;33mtanijane37[0m:[94mfanpircabreo[0m
2025-01-17 21:42:13,348 - INFO - helpers_bot.py - [1;33mxenogamegd1[0m:[94mesto[0m
2025-01-17 21:42:17,031 - INFO - helpers_bot.py - [1;33mtanijane37[0m:[94malekey1rocka[0m
2025-01-17 21:42:18,490 - INFO - helpers_bot.py - [1;33mdani_14k[0m:[94mentonces[0m
2025-01-17 21:42:27,560 - INFO - helpers_bot.py - [1;33mtanijane37[0m:[94mttcaxhype[0m
2025-01-17 21:42:32,056 - INFO - helpers_bot.py - [1;33mtanijane37[0m:[94mttchypetrain[0m
2025-01-17 21:42:37,075 - INFO - helpers_bot.py - [1;33mtanijane37[0m:[94mttcfire2[0m
2025-01-17 21:42:43,631 - INFO - helpers_bot.py - [1;33mel_exo_17[0m:[94myo[0m
2025-01-17 21:42:44,226 - INFO - helpers_bot.py - [1;33mtanijane37[0m:[94msmokin66rockout[0m
2025-01-17 21:42:49,674 - INFO - helpers_bot.py - [1;33mtanijane37[0m:[94msmokin66rockout[0m
2025-01-17 21:43:08,380 - INFO - helpers_bot.py - [1;33mlacrimotaku[0m:[94mesperma??[0m
2025-01-17 21:43:11,669 - INFO - helpers_bot.py - [1;33mxenogamegd1[0m:[94mel[0m
2025-01-17 21:43:20,508 - INFO - helpers_bot.py - [1;33mmrpenguin16[0m:[94mno[0m
2025-01-17 21:43:23,227 - INFO - helpers_bot.py - [1;33mdani_14k[0m:[94mtendré[0m
2025-01-17 21:43:44,469 - INFO - helpers_bot.py - [1;33mdani_14k[0m:[94mno[0m
2025-01-17 21:43:48,843 - INFO - helpers_bot.py - [1;33mel_exo_17[0m:[94my[0m
2025-01-17 21:44:15,915 - INFO - helpers_bot.py - [1;33mtanijane37[0m:[94mttchifishake[0m
2025-01-17 21:44:17,832 - INFO - helpers_bot.py - [1;33mmrpenguin16[0m:[94mpa[0m
2025-01-17 21:44:21,669 - INFO - helpers_bot.py - [1;33mtanijane37[0m:[94mglitchlit[0m
2025-01-17 21:44:32,488 - INFO - helpers_bot.py - [1;33mtanijane37[0m:[94malekey1rocka[0m
2025-01-17 21:44:43,832 - INFO - helpers_bot.py - [1;33mel_exo_17[0m:[94mbanea[0m
2025-01-17 21:44:43,984 - INFO - helpers_bot.py - [1;33mtanijane37[0m:[94msmokin66rockout[0m
2025-01-17 21:44:44,657 - INFO - helpers_bot.py - [1;33mxenogamegd1[0m:[94mno[0m
2025-01-17 21:44:49,919 - INFO - helpers_bot.py - [1;33mdani_14k[0m:[94m@mrpenguin16[0m
2025-01-17 21:44:57,251 - INFO - helpers_bot.py - [1;33mxenogamegd1[0m:[94mta[0m
2025-01-17 21:44:59,022 - INFO - helpers_bot.py - [1;33mtanijane37[0m:[94mobvio[0m
2025-01-17 21:45:04,137 - INFO - helpers_bot.py - [1;33mtanijane37[0m:[94m!currentsong[0m
2025-01-17 21:45:04,467 - INFO - helpers_bot.py - [1;33mnightbot[0m:[94m@tanijane37[0m
2025-01-17 21:45:10,631 - INFO - helpers_bot.py - [1;33mtanijane37[0m:[94mttcaxhype[0m
2025-01-17 21:45:20,005 - INFO - helpers_bot.py - [1;33mmrpenguin16[0m:[94m@dani_14k[0m
2025-01-17 21:45:40,135 - INFO - helpers_bot.py - [1;33mel_exo_17[0m:[94msino[0m
2025-01-17 21:45:40,668 - INFO - helpers_bot.py - [1;33mtanijane37[0m:[94mesa[0m
2025-01-17 21:45:45,953 - INFO - helpers_bot.py - [1;33mtanijane37[0m:[94mtwitchconhype[0m
2025-01-17 21:45:51,863 - INFO - helpers_bot.py - [1;33malexcorell23[0m:[94myaaay[0m
2025-01-17 21:46:05,781 - INFO - helpers_bot.py - [1;33mtanijane37[0m:[94m!bailar[0m
2025-01-17 21:46:11,906 - INFO - helpers_bot.py - [1;33mtanijane37[0m:[94mttcloveroll[0m
2025-01-17 21:46:33,088 - INFO - helpers_bot.py - [1;33mtanijane37[0m:[94mmi[0m
2025-01-17 21:46:34,971 - INFO - helpers_bot.py - [1;33mel_exo_17[0m:[94mte[0m
2025-01-17 21:46:47,307 - INFO - helpers_bot.py - [1;33mxenogamegd1[0m:[94mme[0m
2025-01-17 21:46:53,057 - INFO - helpers_bot.py - [1;33mmrpenguin16[0m:[94mdiferente[0m
2025-01-17 21:47:16,046 - INFO - helpers_bot.py - [1;33mel_exo_17[0m:[94myo[0m
2025-01-17 21:47:23,667 - INFO - helpers_bot.py - [1;33mtanijane37[0m:[94mttcdolove[0m
2025-01-17 21:47:27,763 - INFO - helpers_bot.py - [1;33mtanijane37[0m:[94mttcmoveslikeax[0m
2025-01-17 21:47:32,564 - INFO - helpers_bot.py - [1;33mtanijane37[0m:[94mttcwinedance[0m
2025-01-17 21:47:38,279 - INFO - helpers_bot.py - [1;33mxenogamegd1[0m:[94mpon[0m
2025-01-17 21:47:42,900 - INFO - helpers_bot.py - [1;33mdani_14k[0m:[94mesque[0m
2025-01-17 21:47:52,695 - INFO - helpers_bot.py - [1;33mel_exo_17[0m:[94my[0m
2025-01-17 21:48:03,556 - INFO - helpers_bot.py - [1;33mtanijane37[0m:[94m!followage[0m
2025-01-17 21:48:03,557 - INFO - general.py - tanijane37Uso followage
2025-01-17 21:48:04,274 - INFO - helpers_bot.py - [1;33mnightbot[0m:[94mtanijane37[0m
2025-01-17 21:48:13,678 - INFO - helpers_bot.py - [1;33malexcorell23[0m:[94mclaro[0m
2025-01-17 21:48:28,932 - INFO - helpers_bot.py - [1;33mtanijane37[0m:[94m@alexcorell23[0m
2025-01-17 21:48:40,498 - INFO - helpers_bot.py - [1;33mtanijane37[0m:[94m!watchtime[0m
2025-01-17 21:48:40,904 - INFO - helpers_bot.py - [1;33mel_exo_17[0m:[94mel[0m
2025-01-17 21:48:48,887 - INFO - helpers_bot.py - [1;33mxenogamegd1[0m:[94msonix[0m
2025-01-17 21:48:51,418 - INFO - helpers_bot.py - [1;33mtanijane37[0m:[94mbrroooo[0m
2025-01-17 21:48:51,912 - INFO - helpers_bot.py - [1;33mdani_14k[0m:[94m@el_exo_17[0m
2025-01-17 21:49:25,608 - INFO - helpers_bot.py - [1;33mel_exo_17[0m:[94mde[0m
2025-01-17 21:49:35,646 - INFO - helpers_bot.py - [1;33mdani_14k[0m:[94m@el_exo_17[0m
2025-01-17 21:49:59,484 - INFO - helpers_bot.py - [1;33mdani_14k[0m:[94mtdt[0m
2025-01-17 21:50:04,331 - INFO - helpers_bot.py - [1;33mxenogamegd1[0m:[94mtu[0m
2025-01-17 21:50:04,453 - INFO - helpers_bot.py - [1;33mel_exo_17[0m:[94mdile[0m
2025-01-17 21:50:06,796 - INFO - helpers_bot.py - [1;33mtanijane37[0m:[94maleoleleoclap[0m
2025-01-17 21:50:26,273 - INFO - helpers_bot.py - [1;33mmariilyn2_[0m:[94mbuenaaaas[0m
2025-01-17 21:50:37,673 - INFO - helpers_bot.py - [1;33malexcorell23[0m:[94mbravooo[0m
2025-01-17 21:50:40,511 - INFO - helpers_bot.py - [1;33mtanijane37[0m:[94m!currentsong[0m
2025-01-17 21:50:40,721 - INFO - helpers_bot.py - [1;33mnightbot[0m:[94m@tanijane37[0m
2025-01-17 21:50:55,856 - INFO - helpers_bot.py - [1;33malexcorell23[0m:[94m!sr[0m
2025-01-17 21:50:55,856 - INFO - general.py - alexcorell23Uso SR
2025-01-17 21:50:56,472 - INFO - helpers_bot.py - [1;33mnightbot[0m:[94m@alexcorell23[0m
2025-01-17 21:51:02,600 - INFO - helpers_bot.py - [1;33mtanijane37[0m:[94msmokin66dj[0m
2025-01-17 21:51:07,174 - INFO - helpers_bot.py - [1;33mel_exo_17[0m:[94msupuestamente[0m
2025-01-17 21:51:09,980 - INFO - helpers_bot.py - [1;33mmariilyn2_[0m:[94mbien[0m
2025-01-17 21:51:13,578 - INFO - helpers_bot.py - [1;33mxenogamegd1[0m:[94myo[0m
2025-01-17 21:51:17,537 - INFO - helpers_bot.py - [1;33mdani_14k[0m:[94m@tanijane37[0m
2025-01-17 21:51:21,857 - INFO - helpers_bot.py - [1;35mmariilyn2_ se ha unido[0m
2025-01-17 21:51:55,531 - INFO - helpers_bot.py - [1;33mel_exo_17[0m:[94mbaneen[0m
2025-01-17 21:52:00,927 - INFO - helpers_bot.py - [1;33mtanijane37[0m:[94m@dani_14k[0m
2025-01-17 21:52:15,130 - INFO - helpers_bot.py - [1;33mtanijane37[0m:[94m!sr[0m
2025-01-17 21:52:15,131 - INFO - general.py - tanijane37Uso SR
2025-01-17 21:52:15,531 - INFO - helpers_bot.py - [1;33mnightbot[0m:[94m@tanijane37[0m
2025-01-17 21:52:30,009 - INFO - helpers_bot.py - [1;35malexcorell23 se ha unido[0m
2025-01-17 21:52:33,437 - INFO - helpers_bot.py - [1;33mlacrimotaku[0m:[94mhay[0m
2025-01-17 21:52:38,644 - INFO - helpers_bot.py - [1;33mdani_14k[0m:[94m@el_exo_17[0m
2025-01-17 21:52:47,938 - INFO - helpers_bot.py - [1;33mxenogamegd1[0m:[94muna[0m
2025-01-17 21:52:54,825 - INFO - helpers_bot.py - [1;33mel_exo_17[0m:[94mdani[0m
2025-01-17 21:52:54,944 - INFO - helpers_bot.py - [1;33mmarlightwi[0m:[94mola[0m
2025-01-17 21:53:07,296 - INFO - helpers_bot.py - [1;33mdani_14k[0m:[94mbueno[0m
2025-01-17 21:53:27,091 - INFO - helpers_bot.py - [1;33mdani_14k[0m:[94mlisto[0m
2025-01-17 21:53:28,111 - INFO - helpers_bot.py - [1;33mmarlightwi[0m:[94m!xp[0m
2025-01-17 21:53:30,269 - INFO - helpers_bot.py - [1;35mdani_14k se ha unido[0m
2025-01-17 21:53:31,028 - INFO - helpers_bot.py - [1;33mmarlightwi[0m:[94m?[0m
2025-01-17 21:53:34,730 - INFO - helpers_bot.py - [1;33mel_exo_17[0m:[94m!xp[0m
2025-01-17 21:53:35,629 - INFO - helpers_bot.py - [1;33mdani_14k[0m:[94m!lurk[0m
2025-01-17 21:53:36,790 - INFO - helpers_bot.py - [1;33mtanijane37[0m:[94mttcboardgone[0m
2025-01-17 21:53:49,378 - INFO - helpers_bot.py - [1;33mmarlightwi[0m:[94mokook[0m
2025-01-17 21:53:50,206 - INFO - helpers_bot.py - [1;33mel_exo_17[0m:[94mla[0m
2025-01-17 21:53:52,930 - INFO - helpers_bot.py - [1;33mlacrimotaku[0m:[94men[0m
2025-01-17 21:54:01,095 - INFO - helpers_bot.py - [1;33mxenogamegd1[0m:[94mhoy[0m
2025-01-17 21:54:37,989 - INFO - helpers_bot.py - [1;35mmarlightwi se ha unido[0m
2025-01-17 21:54:48,729 - INFO - helpers_bot.py - [1;33mel_exo_17[0m:[94mel[0m
2025-01-17 21:55:04,799 - INFO - helpers_bot.py - [1;33mmarlightwi[0m:[94my[0m
2025-01-17 21:55:06,977 - INFO - helpers_bot.py - [1;33mxenogamegd1[0m:[94mherrores,[0m
2025-01-17 21:55:09,463 - INFO - helpers_bot.py - [1;33mmarlightwi[0m:[94mjisjisjsisksksnksns[0m
2025-01-17 21:55:11,789 - INFO - helpers_bot.py - [1;33mtanijane37[0m:[94mdinodance[0m
2025-01-17 21:55:15,069 - INFO - helpers_bot.py - [1;33mtanijane37[0m:[94mttchifishake[0m
2025-01-17 21:55:19,696 - INFO - helpers_bot.py - [1;33mmarlightwi[0m:[94mherrores...?[0m
2025-01-17 21:55:22,415 - INFO - helpers_bot.py - [1;33mtanijane37[0m:[94malekey1rocka[0m
2025-01-17 21:55:29,646 - INFO - helpers_bot.py - [1;33mtanijane37[0m:[94mfanpircabreo[0m
2025-01-17 21:55:33,800 - INFO - helpers_bot.py - [1;33mdanndato[0m:[94m!player[0m
2025-01-17 21:55:37,541 - INFO - helpers_bot.py - [1;33mtanijane37[0m:[94maleolestrat[0m
2025-01-17 21:55:39,416 - INFO - helpers_bot.py - [1;33mxenogamegd1[0m:[94mherrores[0m
2025-01-17 21:55:45,463 - INFO - helpers_bot.py - [1;33mxenogamegd1[0m:[94m!player[0m
2025-01-17 21:55:45,617 - INFO - helpers_bot.py - [1;33mtanijane37[0m:[94mqptv1qpulpo[0m
2025-01-17 21:55:49,446 - INFO - helpers_bot.py - [1;33mxenogamegd1[0m:[94mlo[0m
2025-01-17 21:55:53,735 - INFO - helpers_bot.py - [1;33mtanijane37[0m:[94mailenaragegif[0m
2025-01-17 21:56:03,596 - INFO - helpers_bot.py - [1;33mtanijane37[0m:[94msmokin66rockout[0m
2025-01-17 21:56:09,049 - INFO - helpers_bot.py - [1;33mel_exo_17[0m:[94mooh[0m
2025-01-17 21:56:18,389 - INFO - helpers_bot.py - [1;33mxenogamegd1[0m:[94m!mensajes[0m
2025-01-17 21:56:24,454 - INFO - helpers_bot.py - [1;33mxenogamegd1[0m:[94mganenme[0m
2025-01-17 21:56:44,600 - INFO - helpers_bot.py - [1;33mel_exo_17[0m:[94m!mensajes[0m
2025-01-17 21:56:51,634 - INFO - helpers_bot.py - [1;33mmarlightwi[0m:[94my[0m
2025-01-17 21:57:01,239 - INFO - helpers_bot.py - [1;33mmarlightwi[0m:[94mcaitthinking[0m
2025-01-17 21:57:06,541 - INFO - helpers_bot.py - [1;33mxenogamegd1[0m:[94m!ladrillo[0m
2025-01-17 21:57:06,606 - INFO - helpers_stats.py - Estadísticas actualizadas: ladrillos | channel: 1
2025-01-17 21:57:06,670 - INFO - helpers_stats.py - Estadísticas actualizadas: xp_Resistencia | xenogamegd1: 0.15
2025-01-17 21:57:15,475 - INFO - helpers_bot.py - [1;33mxenogamegd1[0m:[94m!pato,[0m
2025-01-17 21:57:20,984 - INFO - helpers_bot.py - [1;33mmarlightwi[0m:[94mahsjjsjsjjshaj[0m
2025-01-17 21:57:23,741 - INFO - helpers_bot.py - [1;33mel_exo_17[0m:[94m!ladrillo[0m
2025-01-17 21:57:23,814 - INFO - helpers_stats.py - Estadísticas actualizadas: ladrillos | channel: 1
2025-01-17 21:57:23,881 - INFO - helpers_stats.py - Estadísticas actualizadas: xp_Resistencia | el_exo_17: 0.15
2025-01-17 21:57:29,716 - INFO - helpers_bot.py - [1;33mmarlightwi[0m:[94mpongan[0m
2025-01-17 21:57:43,443 - INFO - helpers_bot.py - [1;33mel_exo_17[0m:[94mpa[0m
2025-01-17 21:57:44,964 - INFO - helpers_bot.py - [1;33mxenogamegd1[0m:[94m!xeno[0m
2025-01-17 21:57:46,034 - INFO - helpers_bot.py - [1;33mel_exo_17[0m:[94mxd[0m
2025-01-17 21:57:55,122 - INFO - helpers_bot.py - [1;33mmarlightwi[0m:[94mni[0m
2025-01-17 21:57:56,255 - INFO - helpers_bot.py - [1;33mlacrimotaku[0m:[94mpa[0m
2025-01-17 21:57:59,667 - INFO - helpers_bot.py - [1;33mmarlightwi[0m:[94m![0m
2025-01-17 21:57:59,743 - INFO - helpers_stats.py - Estadísticas actualizadas: ladrillos | channel: 1
2025-01-17 21:57:59,799 - INFO - helpers_stats.py - Estadísticas actualizadas: xp_Resistencia | marlightwi: 0.15
2025-01-17 21:58:06,415 - INFO - helpers_bot.py - [1;33mmarlightwi[0m:[94mladrillo[0m
2025-01-17 21:58:14,946 - INFO - helpers_bot.py - [1;33mxenogamegd1[0m:[94mpara[0m
2025-01-17 21:58:16,668 - INFO - helpers_bot.py - [1;33mxenogamegd1[0m:[94m!ladrillo[0m
2025-01-17 21:58:16,754 - INFO - helpers_stats.py - Estadísticas actualizadas: ladrillos | channel: 1
2025-01-17 21:58:16,821 - INFO - helpers_stats.py - Estadísticas actualizadas: xp_Resistencia | xenogamegd1: 0.15
2025-01-17 21:58:17,386 - INFO - helpers_bot.py - [1;33mxenogamegd1[0m:[94m!ladrillo[0m
2025-01-17 21:58:17,462 - INFO - helpers_stats.py - Estadísticas actualizadas: ladrillos | channel: 1
2025-01-17 21:58:17,529 - INFO - helpers_stats.py - Estadísticas actualizadas: xp_Resistencia | xenogamegd1: 0.15
2025-01-17 21:58:18,218 - INFO - helpers_bot.py - [1;33mxenogamegd1[0m:[94m!ladrillo[0m
2025-01-17 21:58:18,281 - INFO - helpers_stats.py - Estadísticas actualizadas: ladrillos | channel: 1
2025-01-17 21:58:18,367 - INFO - helpers_stats.py - Estadísticas actualizadas: xp_Resistencia | xenogamegd1: 0.15
2025-01-17 21:58:18,851 - INFO - helpers_bot.py - [1;33mxenogamegd1[0m:[94m!ladrillo[0m
2025-01-17 21:58:18,907 - INFO - helpers_stats.py - Estadísticas actualizadas: ladrillos | channel: 1
2025-01-17 21:58:18,957 - INFO - helpers_stats.py - Estadísticas actualizadas: xp_Resistencia | xenogamegd1: 0.15
2025-01-17 21:58:26,322 - INFO - helpers_bot.py - [1;33mel_exo_17[0m:[94mhagamos[0m
2025-01-17 21:58:34,256 - INFO - helpers_bot.py - [1;33mxenogamegd1[0m:[94m!ladrillo[0m
2025-01-17 21:58:34,322 - INFO - helpers_stats.py - Estadísticas actualizadas: ladrillos | channel: 1
2025-01-17 21:58:34,386 - INFO - helpers_stats.py - Estadísticas actualizadas: xp_Resistencia | xenogamegd1: 0.15
2025-01-17 21:58:35,515 - INFO - helpers_bot.py - [1;33mxenogamegd1[0m:[94m!ladrillo[0m
2025-01-17 21:58:35,599 - INFO - helpers_stats.py - Estadísticas actualizadas: ladrillos | channel: 1
2025-01-17 21:58:35,684 - INFO - helpers_stats.py - Estadísticas actualizadas: xp_Resistencia | xenogamegd1: 0.15
2025-01-17 21:58:37,842 - INFO - helpers_bot.py - [1;33mxenogamegd1[0m:[94m!ladrillo[0m
2025-01-17 21:58:37,906 - INFO - helpers_stats.py - Estadísticas actualizadas: ladrillos | channel: 1
2025-01-17 21:58:38,010 - INFO - helpers_stats.py - Estadísticas actualizadas: xp_Resistencia | xenogamegd1: 0.15
2025-01-17 21:58:39,661 - INFO - helpers_bot.py - [1;33mxenogamegd1[0m:[94m!ladrillo[0m
2025-01-17 21:58:39,748 - INFO - helpers_stats.py - Estadísticas actualizadas: ladrillos | channel: 1
2025-01-17 21:58:39,816 - INFO - helpers_stats.py - Estadísticas actualizadas: xp_Resistencia | xenogamegd1: 0.15
2025-01-17 21:58:41,115 - INFO - helpers_bot.py - [1;33mmarlightwi[0m:[94mno[0m
2025-01-17 21:58:42,808 - INFO - helpers_bot.py - [1;33mxenogamegd1[0m:[94m!ladrillo[0m
2025-01-17 21:58:42,882 - INFO - helpers_stats.py - Estadísticas actualizadas: ladrillos | channel: 1
2025-01-17 21:58:42,966 - INFO - helpers_stats.py - Estadísticas actualizadas: xp_Resistencia | xenogamegd1: 0.15
2025-01-17 21:58:45,107 - INFO - helpers_bot.py - [1;33mxenogamegd1[0m:[94m!ladrillo[0m
2025-01-17 21:58:45,189 - INFO - helpers_stats.py - Estadísticas actualizadas: ladrillos | channel: 1
2025-01-17 21:58:45,264 - INFO - helpers_stats.py - Estadísticas actualizadas: xp_Resistencia | xenogamegd1: 0.15
2025-01-17 21:58:46,549 - INFO - helpers_bot.py - [1;33mmarlightwi[0m:[94mcaitthinking[0m
2025-01-17 21:58:47,751 - INFO - helpers_bot.py - [1;33mxenogamegd1[0m:[94m!ladrillo[0m
2025-01-17 21:58:47,803 - INFO - helpers_stats.py - Estadísticas actualizadas: ladrillos | channel: 1
2025-01-17 21:58:47,875 - INFO - helpers_stats.py - Estadísticas actualizadas: xp_Resistencia | xenogamegd1: 0.15
2025-01-17 21:58:50,223 - INFO - helpers_bot.py - [1;33mxenogamegd1[0m:[94m!ladrillo[0m
2025-01-17 21:58:50,298 - INFO - helpers_stats.py - Estadísticas actualizadas: ladrillos | channel: 1
2025-01-17 21:58:50,369 - INFO - helpers_stats.py - Estadísticas actualizadas: xp_Resistencia | xenogamegd1: 0.15
2025-01-17 21:58:50,914 - INFO - helpers_bot.py - [1;33mxenogamegd1[0m:[94m!ladrillo[0m
2025-01-17 21:58:50,967 - INFO - helpers_stats.py - Estadísticas actualizadas: ladrillos | channel: 1
2025-01-17 21:58:51,041 - INFO - helpers_stats.py - Estadísticas actualizadas: xp_Resistencia | xenogamegd1: 0.15
2025-01-17 21:58:51,625 - INFO - helpers_bot.py - [1;33mxenogamegd1[0m:[94m!ladrillo[0m
2025-01-17 21:58:51,706 - INFO - helpers_stats.py - Estadísticas actualizadas: ladrillos | channel: 1
2025-01-17 21:58:51,792 - INFO - helpers_stats.py - Estadísticas actualizadas: xp_Resistencia | xenogamegd1: 0.15
2025-01-17 21:58:52,376 - INFO - helpers_bot.py - [1;33mxenogamegd1[0m:[94m!ladrillo[0m
2025-01-17 21:58:52,482 - INFO - helpers_stats.py - Estadísticas actualizadas: ladrillos | channel: 1
2025-01-17 21:58:52,559 - INFO - helpers_stats.py - Estadísticas actualizadas: xp_Resistencia | xenogamegd1: 0.15
2025-01-17 21:58:59,468 - INFO - helpers_bot.py - [1;33mxenogamegd1[0m:[94m!ladrillo[0m
2025-01-17 21:58:59,566 - INFO - helpers_stats.py - Estadísticas actualizadas: ladrillos | channel: 1
2025-01-17 21:58:59,622 - INFO - helpers_stats.py - Estadísticas actualizadas: xp_Resistencia | xenogamegd1: 0.15
2025-01-17 21:59:02,278 - INFO - helpers_bot.py - [1;33mxenogamegd1[0m:[94m!ladrillo[0m
2025-01-17 21:59:02,369 - INFO - helpers_stats.py - Estadísticas actualizadas: ladrillos | channel: 1
2025-01-17 21:59:02,429 - INFO - helpers_stats.py - Estadísticas actualizadas: xp_Resistencia | xenogamegd1: 0.15
2025-01-17 21:59:07,573 - INFO - helpers_bot.py - [1;33mxenogamegd1[0m:[94m1333[0m
2025-01-17 21:59:18,568 - INFO - helpers_bot.py - [1;33mxenogamegd1[0m:[94mpato[0m
2025-01-17 21:59:22,871 - INFO - helpers_bot.py - [1;33mxenogamegd1[0m:[94m!ladrillo[0m
2025-01-17 21:59:22,962 - INFO - helpers_stats.py - Estadísticas actualizadas: ladrillos | channel: 1
2025-01-17 21:59:23,057 - INFO - helpers_stats.py - Estadísticas actualizadas: xp_Resistencia | xenogamegd1: 0.15
2025-01-17 21:59:31,100 - INFO - helpers_bot.py - [1;33mlacrimotaku[0m:[94myo[0m
2025-01-17 21:59:37,384 - INFO - helpers_bot.py - [1;33mxenogamegd1[0m:[94m!pato,[0m
2025-01-17 21:59:51,051 - INFO - helpers_bot.py - [1;33mmarlightwi[0m:[94msoy[0m
2025-01-17 22:00:04,535 - INFO - helpers_bot.py - [1;33mtanijane37[0m:[94mwuu[0m
2025-01-17 22:00:08,944 - INFO - helpers_bot.py - [1;33mxenogamegd1[0m:[94m!pato[0m
2025-01-17 22:00:24,687 - INFO - helpers_bot.py - [1;33mtanijane37[0m:[94mesta[0m
2025-01-17 22:00:31,843 - INFO - helpers_bot.py - [1;33mtanijane37[0m:[94mttchifishake[0m
2025-01-17 22:00:55,850 - INFO - helpers_bot.py - [1;33mxenogamegd1[0m:[94mdan,[0m
2025-01-17 22:00:56,967 - INFO - helpers_bot.py - [1;33mtanijane37[0m:[94mttcbosshype[0m
2025-01-17 22:00:59,907 - INFO - helpers_bot.py - [1;33mnightbot[0m:[94msi[0m
2025-01-17 22:01:24,855 - INFO - helpers_bot.py - [1;33mmarlightwi[0m:[94m@xenogamegd1[0m
2025-01-17 22:01:35,966 - INFO - helpers_bot.py - [1;33mtanijane37[0m:[94mpor[0m
2025-01-17 22:01:40,127 - INFO - helpers_bot.py - [1;33mtanijane37[0m:[94mambessalove[0m
2025-01-17 22:01:49,160 - INFO - helpers_bot.py - [1;33mxenogamegd1[0m:[94mojala[0m
2025-01-17 22:01:51,442 - INFO - helpers_bot.py - [1;33mtanijane37[0m:[94mapenas[0m
2025-01-17 22:01:54,634 - INFO - helpers_bot.py - [1;35mtanijane37 se ha unido[0m
2025-01-17 22:02:00,266 - INFO - helpers_bot.py - [1;33mtanijane37[0m:[94mttcfire2[0m
2025-01-17 22:02:30,266 - INFO - helpers_bot.py - [1;33mxenogamegd1[0m:[94meso[0m
2025-01-17 22:02:51,097 - INFO - helpers_bot.py - [1;33mtanijane37[0m:[94ma[0m
2025-01-17 22:02:57,690 - INFO - helpers_bot.py - [1;33mtanijane37[0m:[94mo[0m
2025-01-17 22:03:16,588 - INFO - helpers_bot.py - [1;33mxenogamegd1[0m:[94mtodabia[0m
2025-01-17 22:03:30,749 - INFO - helpers_bot.py - [1;33mtanijane37[0m:[94mtambién[0m
2025-01-17 22:04:09,662 - INFO - helpers_bot.py - [1;33mxenogamegd1[0m:[94mpon[0m
2025-01-17 22:04:26,693 - INFO - helpers_bot.py - [1;33mxenogamegd1[0m:[94mva[0m
2025-01-17 22:04:26,853 - INFO - helpers_bot.py - [1;33mtanijane37[0m:[94mno[0m
2025-01-17 22:04:45,468 - INFO - helpers_bot.py - [1;33mlacrimotaku[0m:[94mxeno[0m
2025-01-17 22:05:00,842 - INFO - helpers_bot.py - [1;33mxenogamegd1[0m:[94mno[0m
2025-01-17 22:05:01,852 - INFO - helpers_bot.py - [1;33mtanijane37[0m:[94mademás[0m
2025-01-17 22:05:37,962 - INFO - helpers_bot.py - [1;33mlacrimotaku[0m:[94mbueno....[0m
2025-01-17 22:06:07,039 - INFO - helpers_bot.py - [1;33mmarlightwi[0m:[94mel[0m
2025-01-17 22:06:09,231 - INFO - helpers_bot.py - [1;33mtanijane37[0m:[94m!currensong[0m
2025-01-17 22:06:16,328 - INFO - helpers_bot.py - [1;33mxenogamegd1[0m:[94my[0m
2025-01-17 22:06:18,213 - INFO - helpers_bot.py - [1;33mtanijane37[0m:[94m!currentsong[0m
2025-01-17 22:06:18,424 - INFO - helpers_bot.py - [1;33mnightbot[0m:[94m@tanijane37[0m
2025-01-17 22:06:22,220 - INFO - helpers_bot.py - [1;33mmarlightwi[0m:[94mque[0m
2025-01-17 22:06:57,566 - INFO - helpers_bot.py - [1;33mtanijane37[0m:[94meeeh[0m
2025-01-17 22:07:08,623 - INFO - helpers_bot.py - [1;33mlacrimotaku[0m:[94mtakahiro[0m
2025-01-17 22:07:22,041 - INFO - helpers_bot.py - [1;33mmarlightwi[0m:[94mmi[0m
2025-01-17 22:07:22,447 - INFO - helpers_bot.py - [1;33mtanijane37[0m:[94maah[0m
2025-01-17 22:07:31,918 - INFO - helpers_bot.py - [1;33mxenogamegd1[0m:[94mme[0m
2025-01-17 22:07:34,391 - INFO - helpers_bot.py - [1;33mlacrimotaku[0m:[94mesa[0m
2025-01-17 22:07:54,846 - INFO - helpers_bot.py - [1;33mlacrimotaku[0m:[94mxeno[0m
2025-01-17 22:08:02,883 - INFO - helpers_bot.py - [1;33mxenogamegd1[0m:[94mno[0m
2025-01-17 22:08:10,407 - INFO - helpers_bot.py - [1;33mlacrimotaku[0m:[94mu.u[0m
2025-01-17 22:08:27,159 - INFO - helpers_bot.py - [1;33mlacrimotaku[0m:[94m!setso[0m
2025-01-17 22:08:34,470 - INFO - helpers_bot.py - [1;33mlacrimotaku[0m:[94mooo[0m
2025-01-17 22:08:40,842 - INFO - helpers_bot.py - [1;33mmarlightwi[0m:[94msoy[0m
2025-01-17 22:08:45,507 - INFO - helpers_bot.py - [1;33mtanijane37[0m:[94m!currentsong[0m
2025-01-17 22:08:45,656 - INFO - helpers_bot.py - [1;33mnightbot[0m:[94m@tanijane37[0m
2025-01-17 22:08:46,142 - INFO - helpers_bot.py - [1;33mlacrimotaku[0m:[94m!setso[0m
2025-01-17 22:09:17,675 - INFO - helpers_bot.py - [1;33mxenogamegd1[0m:[94mcuando[0m
2025-01-17 22:10:01,349 - INFO - helpers_bot.py - [1;33mxenogamegd1[0m:[94mahora[0m
2025-01-17 22:10:04,328 - INFO - helpers_bot.py - [1;33mtanijane37[0m:[94m!sr[0m
2025-01-17 22:10:04,329 - INFO - general.py - tanijane37Uso SR
2025-01-17 22:10:04,701 - INFO - helpers_bot.py - [1;33mnightbot[0m:[94m@tanijane37[0m
2025-01-17 22:10:18,896 - INFO - helpers_bot.py - [1;33mxenogamegd1[0m:[94mque[0m
2025-01-17 22:10:25,346 - INFO - helpers_bot.py - [1;35msenintai se ha unido[0m
2025-01-17 22:10:33,902 - INFO - helpers_bot.py - [1;33mdanndato[0m:[94m!xeno[0m
2025-01-17 22:11:11,299 - INFO - helpers_bot.py - [1;33mtanijane37[0m:[94m!sr[0m
2025-01-17 22:11:11,300 - INFO - general.py - tanijane37Uso SR
2025-01-17 22:11:11,655 - INFO - helpers_bot.py - [1;33mnightbot[0m:[94m@tanijane37[0m
2025-01-17 22:11:16,568 - INFO - helpers_bot.py - [1;33mxenogamegd1[0m:[94mando[0m
2025-01-17 22:11:23,011 - INFO - helpers_bot.py - [1;33mtanijane37[0m:[94mwuuuu[0m
2025-01-17 22:11:28,931 - INFO - helpers_bot.py - [1;33mtanijane37[0m:[94mal[0m
2025-01-17 22:11:32,278 - INFO - helpers_bot.py - [1;33mtanijane37[0m:[94mttchifishake[0m
2025-01-17 22:11:44,267 - INFO - helpers_bot.py - [1;33mtanijane37[0m:[94mbuena[0m
2025-01-17 22:11:46,789 - INFO - helpers_bot.py - [1;33myoshiitattv[0m:[94mholaa[0m
2025-01-17 22:11:49,547 - INFO - helpers_bot.py - [1;33mtanijane37[0m:[94msmokin66rockout[0m
2025-01-17 22:12:05,032 - INFO - helpers_bot.py - [1;33mtanijane37[0m:[94m@yoshiitattv[0m
2025-01-17 22:12:06,985 - INFO - helpers_bot.py - [1;33myoshiitattv[0m:[94msoy[0m
2025-01-17 22:12:10,906 - INFO - helpers_bot.py - [1;33mxenogamegd1[0m:[94mbueno[0m
2025-01-17 22:12:14,636 - INFO - helpers_bot.py - [1;33mdani_14k[0m:[94mwenas[0m
2025-01-17 22:12:15,756 - INFO - helpers_bot.py - [1;33myoshiitattv[0m:[94m@tanijane37[0m
2025-01-17 22:12:21,236 - INFO - helpers_bot.py - [1;33mtanijane37[0m:[94m@yoshiitattv[0m
2025-01-17 22:12:29,825 - INFO - helpers_bot.py - [1;35myoshiitattv se ha unido[0m
2025-01-17 22:12:31,938 - INFO - helpers_bot.py - [1;33mtanijane37[0m:[94m!abrazo[0m
2025-01-17 22:12:44,787 - INFO - helpers_bot.py - [1;33mlacrimotaku[0m:[94motaku[0m
2025-01-17 22:12:51,619 - INFO - helpers_bot.py - [1;33mdani_14k[0m:[94mllego[0m
2025-01-17 22:12:55,515 - INFO - helpers_bot.py - [1;33mtanijane37[0m:[94msmokin66jiggy[0m
2025-01-17 22:13:05,893 - INFO - helpers_bot.py - [1;33mtanijane37[0m:[94maa1aafire[0m
2025-01-17 22:13:07,965 - INFO - helpers_bot.py - [1;33myoshiitattv[0m:[94mcomo[0m
2025-01-17 22:13:16,417 - INFO - helpers_bot.py - [1;33mmarlightwi[0m:[94m!redes[0m
2025-01-17 22:13:16,567 - INFO - helpers_bot.py - [1;33mtanijane37[0m:[94mttcloveshake[0m
2025-01-17 22:13:30,973 - INFO - helpers_bot.py - [1;33mtanijane37[0m:[94mfanpircabreo[0m
2025-01-17 22:13:46,162 - INFO - helpers_bot.py - [1;33mtanijane37[0m:[94mnuestra[0m
2025-01-17 22:13:51,885 - INFO - helpers_bot.py - [1;33mmarlightwi[0m:[94mseamos[0m
2025-01-17 22:13:57,453 - INFO - helpers_bot.py - [1;33mlacrimotaku[0m:[94mseamos[0m
2025-01-17 22:14:01,898 - INFO - helpers_bot.py - [1;33mtanijane37[0m:[94mhazle[0m
2025-01-17 22:14:09,253 - INFO - helpers_bot.py - [1;33myoshiitattv[0m:[94mnice..[0m
2025-01-17 22:14:12,273 - INFO - helpers_bot.py - [1;33mdani_14k[0m:[94mdann[0m
2025-01-17 22:14:20,683 - INFO - helpers_bot.py - [1;33mdani_14k[0m:[94m!so[0m
2025-01-17 22:14:31,502 - INFO - helpers_bot.py - [1;33myoshiitattv[0m:[94mamo[0m
2025-01-17 22:14:37,385 - INFO - helpers_bot.py - [1;35mdani_14k se ha unido[0m
2025-01-17 22:14:40,326 - INFO - helpers_bot.py - [1;33mlacrimotaku[0m:[94mhacemos[0m
2025-01-17 22:14:44,724 - INFO - helpers_bot.py - [1;33mmarlightwi[0m:[94mintenta[0m
2025-01-17 22:14:48,948 - INFO - helpers_bot.py - [1;33myoshiitattv[0m:[94mgracias[0m
2025-01-17 22:15:03,447 - INFO - helpers_bot.py - [1;33mdani_14k[0m:[94mnaaaa[0m
2025-01-17 22:15:12,374 - INFO - helpers_bot.py - [1;33mtanijane37[0m:[94m@marlightwi[0m
2025-01-17 22:15:30,276 - INFO - helpers_bot.py - [1;33mmarlightwi[0m:[94m@dani_14k[0m
2025-01-17 22:15:34,639 - INFO - helpers_bot.py - [1;33mtanijane37[0m:[94m!currentsong[0m
2025-01-17 22:15:34,824 - INFO - helpers_bot.py - [1;33mnightbot[0m:[94m@tanijane37[0m
2025-01-17 22:15:37,030 - INFO - helpers_bot.py - [1;33myoshiitattv[0m:[94mnice...[0m
2025-01-17 22:15:37,119 - INFO - helpers_bot.py - [1;33mmarlightwi[0m:[94m@tanijane37[0m
2025-01-17 22:16:05,436 - INFO - helpers_bot.py - [1;33mlacrimotaku[0m:[94mhorrible[0m
2025-01-17 22:16:22,714 - INFO - helpers_bot.py - [1;33mmarlightwi[0m:[94m@lacrimotaku[0m
2025-01-17 22:16:27,709 - INFO - helpers_bot.py - [1;33mdani_14k[0m:[94m!ban?[0m
2025-01-17 22:16:35,586 - INFO - helpers_bot.py - [1;33mlacrimotaku[0m:[94mno[0m
2025-01-17 22:16:36,046 - INFO - helpers_bot.py - [1;33mtanijane37[0m:[94m@alexcorell23[0m
2025-01-17 22:16:38,887 - INFO - helpers_bot.py - [1;33mdani_14k[0m:[94muffff[0m
2025-01-17 22:16:43,312 - INFO - helpers_bot.py - [1;33mtanijane37[0m:[94mestá[0m
2025-01-17 22:17:02,893 - INFO - helpers_bot.py - [1;33mmarlightwi[0m:[94m@dani_14k[0m
2025-01-17 22:17:23,275 - INFO - helpers_bot.py - [1;33mdani_14k[0m:[94m@marlightwi[0m
2025-01-17 22:17:30,083 - INFO - helpers_bot.py - [1;33mtanijane37[0m:[94mgoldplz[0m
2025-01-17 22:17:37,945 - INFO - helpers_bot.py - [1;33mtanijane37[0m:[94maa1sqheart[0m
2025-01-17 22:17:38,173 - INFO - helpers_bot.py - [1;33mmarlightwi[0m:[94mperdón[0m
2025-01-17 22:17:39,626 - INFO - helpers_bot.py - [1;33mlacrimotaku[0m:[94mque[0m
2025-01-17 22:17:47,898 - INFO - helpers_bot.py - [1;33mtanijane37[0m:[94maa1clap[0m
2025-01-17 22:18:35,854 - INFO - helpers_bot.py - [1;33mtanijane37[0m:[94msmokin66w[0m
2025-01-17 22:18:38,676 - INFO - helpers_bot.py - [1;33mdani_14k[0m:[94maparte[0m
2025-01-17 22:18:45,479 - INFO - helpers_bot.py - [1;33myoshiitattv[0m:[94mnice[0m
2025-01-17 22:18:57,149 - INFO - helpers_bot.py - [1;33mlacrimotaku[0m:[94mhttps://www.youtube.com/watch?v=vn4mt8dss7a&ab_channel=datotovar[0m
2025-01-17 22:18:59,125 - INFO - helpers_bot.py - [1;33mlacrimotaku[0m:[94mahi[0m
2025-01-17 22:18:59,644 - INFO - helpers_bot.py - [1;33mdani_14k[0m:[94mtengo[0m
2025-01-17 22:19:01,495 - INFO - helpers_bot.py - [1;33mtanijane37[0m:[94madiós[0m
2025-01-17 22:19:05,992 - INFO - helpers_bot.py - [1;33mlacrimotaku[0m:[94m100%[0m
2025-01-17 22:19:10,463 - INFO - helpers_bot.py - [1;33mtanijane37[0m:[94msi[0m
2025-01-17 22:19:17,699 - INFO - helpers_bot.py - [1;33mdani_14k[0m:[94mpon[0m
2025-01-17 22:19:24,069 - INFO - helpers_bot.py - [1;33mlacrimotaku[0m:[94mes[0m
2025-01-17 22:19:26,376 - INFO - helpers_bot.py - [1;33mlacrimotaku[0m:[94mpolaaaaaaaaaa[0m
2025-01-17 22:19:29,240 - INFO - helpers_bot.py - [1;33mlacrimotaku[0m:[94m<3[0m
2025-01-17 22:19:34,876 - INFO - helpers_bot.py - [1;33mdani_14k[0m:[94msip[0m
2025-01-17 22:19:36,476 - INFO - helpers_bot.py - [1;33mlacrimotaku[0m:[94msimon[0m
2025-01-17 22:19:50,128 - INFO - helpers_bot.py - [1;33mmarlightwi[0m:[94mte[0m
2025-01-17 22:20:18,625 - INFO - helpers_bot.py - [1;33mdani_14k[0m:[94malv[0m
2025-01-17 22:20:19,551 - INFO - helpers_bot.py - [1;33mlacrimotaku[0m:[94mes[0m
2025-01-17 22:20:27,731 - INFO - helpers_bot.py - [1;33mlacrimotaku[0m:[94mhuevaaaaa[0m
2025-01-17 22:20:31,740 - INFO - helpers_bot.py - [1;33mlacrimotaku[0m:[94mpon[0m
2025-01-17 22:20:41,855 - INFO - helpers_bot.py - [1;33mmarlightwi[0m:[94muta[0m
2025-01-17 22:20:48,323 - INFO - helpers_bot.py - [1;33mtanijane37[0m:[94m@yoshiitattv[0m
2025-01-17 22:21:01,491 - INFO - helpers_bot.py - [1;33myoshiitattv[0m:[94mme[0m
2025-01-17 22:21:29,148 - INFO - helpers_bot.py - [1;33mlacrimotaku[0m:[94mpausa[0m
2025-01-17 22:21:32,161 - INFO - helpers_bot.py - [1;33myoshiitattv[0m:[94msii[0m
2025-01-17 22:21:34,344 - INFO - helpers_bot.py - [1;33mdani_14k[0m:[94mponla[0m
2025-01-17 22:21:40,295 - INFO - helpers_bot.py - [1;33mtanijane37[0m:[94msii[0m
2025-01-17 22:21:40,868 - INFO - helpers_bot.py - [1;33myoshiitattv[0m:[94mcual[0m
2025-01-17 22:21:47,770 - INFO - helpers_bot.py - [1;33mdani_14k[0m:[94m!songs[0m
2025-01-17 22:21:47,966 - INFO - helpers_bot.py - [1;33mnightbot[0m:[94m@dani_14k[0m
2025-01-17 22:21:55,022 - INFO - helpers_bot.py - [1;33mtanijane37[0m:[94m!discord[0m
2025-01-17 22:21:55,918 - INFO - helpers_bot.py - [1;33mdani_14k[0m:[94m!dis[0m
2025-01-17 22:22:05,899 - INFO - helpers_bot.py - [1;33mdanndato[0m:[94m!discord[0m
2025-01-17 22:22:06,497 - INFO - helpers_bot.py - [1;33mdani_14k[0m:[94mtani[0m
2025-01-17 22:22:07,675 - INFO - helpers_bot.py - [1;33mlacrimotaku[0m:[94mse[0m
2025-01-17 22:22:17,883 - INFO - helpers_bot.py - [1;33mmarlightwi[0m:[94mno[0m
2025-01-17 22:22:19,539 - INFO - helpers_bot.py - [1;33mdani_14k[0m:[94mdinodance[0m
2025-01-17 22:22:27,597 - INFO - helpers_bot.py - [1;33myoshiitattv[0m:[94mme[0m
2025-01-17 22:22:29,277 - INFO - helpers_bot.py - [1;33mdanndato[0m:[94mhttps://discord.gg/tmqvymhn[0m
2025-01-17 22:22:29,970 - INFO - helpers_bot.py - [1;33mtanijane37[0m:[94m@dani_14k[0m
2025-01-17 22:22:38,809 - INFO - helpers_bot.py - [1;33mdani_14k[0m:[94m@marlightwi[0m
2025-01-17 22:22:49,267 - INFO - helpers_bot.py - [1;33mlacrimotaku[0m:[94myo[0m
2025-01-17 22:22:51,055 - INFO - helpers_bot.py - [1;33myoshiitattv[0m:[94mlisto[0m
2025-01-17 22:22:55,415 - INFO - helpers_bot.py - [1;33mmarlightwi[0m:[94mbueno[0m
2025-01-17 22:23:02,059 - INFO - helpers_bot.py - [1;33mdani_14k[0m:[94m@tanijane37[0m
2025-01-17 22:23:11,788 - INFO - helpers_bot.py - [1;33mdani_14k[0m:[94m!ban?[0m
2025-01-17 22:23:20,356 - INFO - helpers_bot.py - [1;33mtanijane37[0m:[94mpidete[0m
2025-01-17 22:23:23,296 - INFO - helpers_bot.py - [1;33mdani_14k[0m:[94mloslorchipichipi[0m
2025-01-17 22:23:27,575 - INFO - helpers_bot.py - [1;33mtanijane37[0m:[94mfanpirdisco[0m
2025-01-17 22:23:31,671 - INFO - helpers_bot.py - [1;33mtanijane37[0m:[94mailenamusic[0m
2025-01-17 22:23:35,236 - INFO - helpers_bot.py - [1;33mmarlightwi[0m:[94m@dani_14k[0m
2025-01-17 22:23:40,766 - INFO - helpers_bot.py - [1;33mtanijane37[0m:[94mnombre[0m
2025-01-17 22:23:41,853 - INFO - helpers_bot.py - [1;35malexcorell23 se ha unido[0m
2025-01-17 22:23:47,920 - INFO - helpers_bot.py - [1;33mtanijane37[0m:[94malekey1temazoa[0m
2025-01-17 22:23:50,669 - INFO - helpers_bot.py - [1;33mlacrimotaku[0m:[94mufaas[0m
2025-01-17 22:24:10,902 - INFO - helpers_bot.py - [1;33mdani_14k[0m:[94mpon[0m
2025-01-17 22:24:23,162 - INFO - helpers_bot.py - [1;33mdani_14k[0m:[94m!volumen[0m
2025-01-17 22:24:27,644 - INFO - helpers_bot.py - [1;33mlacrimotaku[0m:[94mla[0m
2025-01-17 22:24:37,190 - INFO - helpers_bot.py - [1;33mdani_14k[0m:[94mloslorpedro[0m
2025-01-17 22:24:41,853 - INFO - helpers_bot.py - [1;33mlacrimotaku[0m:[94my[0m
2025-01-17 22:24:43,522 - INFO - helpers_bot.py - [1;33mtanijane37[0m:[94malekey1neva[0m
2025-01-17 22:24:51,353 - INFO - helpers_bot.py - [1;33myoshiitattv[0m:[94mcarith1yoshicolor[0m
2025-01-17 22:24:53,952 - INFO - helpers_bot.py - [1;33myoshiitattv[0m:[94mcarith1yoshidqnce[0m
2025-01-17 22:24:56,139 - INFO - helpers_bot.py - [1;33mtanijane37[0m:[94mailenautz1[0m
2025-01-17 22:24:56,834 - INFO - helpers_bot.py - [1;33myoshiitattv[0m:[94mcarith1yoshidance[0m
2025-01-17 22:24:59,197 - INFO - helpers_bot.py - [1;33myoshiitattv[0m:[94mcarith1yoshicolor[0m
2025-01-17 22:25:00,950 - INFO - helpers_bot.py - [1;33mtanijane37[0m:[94mailenabonk[0m
2025-01-17 22:25:03,693 - INFO - helpers_bot.py - [1;33myoshiitattv[0m:[94msuper[0m
2025-01-17 22:25:06,002 - INFO - helpers_bot.py - [1;33myoshiitattv[0m:[94mcarith1yoshidance[0m
2025-01-17 22:25:06,989 - INFO - helpers_bot.py - [1;33mlacrimotaku[0m:[94mimaginatela[0m
2025-01-17 22:25:07,678 - INFO - helpers_bot.py - [1;33mtanijane37[0m:[94mailenaclap[0m
2025-01-17 22:25:21,260 - INFO - helpers_bot.py - [1;33mdani_14k[0m:[94maun[0m
2025-01-17 22:25:26,207 - INFO - helpers_bot.py - [1;33mdani_14k[0m:[94m!songs[0m
2025-01-17 22:25:26,382 - INFO - helpers_bot.py - [1;33mnightbot[0m:[94m@dani_14k[0m
2025-01-17 22:25:32,020 - INFO - helpers_bot.py - [1;33mmarlightwi[0m:[94mtécnicamente[0m
2025-01-17 22:25:45,684 - INFO - helpers_bot.py - [1;33mdani_14k[0m:[94m!sr[0m
2025-01-17 22:25:45,687 - INFO - general.py - dani_14kUso SR
2025-01-17 22:25:46,275 - INFO - helpers_bot.py - [1;33mnightbot[0m:[94m@dani_14k[0m
2025-01-17 22:25:56,723 - INFO - helpers_bot.py - [1;33mdani_14k[0m:[94m!sr[0m
2025-01-17 22:25:56,725 - INFO - general.py - dani_14kUso SR
2025-01-17 22:25:57,297 - INFO - helpers_bot.py - [1;33mnightbot[0m:[94m@dani_14k[0m
2025-01-17 22:26:25,981 - INFO - helpers_bot.py - [1;33myoshiitattv[0m:[94mse[0m
2025-01-17 22:26:43,485 - INFO - helpers_bot.py - [1;33mtanijane37[0m:[94m@yoshiitattv[0m
2025-01-17 22:26:45,158 - INFO - helpers_bot.py - [1;33mdani_14k[0m:[94m!sr[0m
2025-01-17 22:26:45,160 - INFO - general.py - dani_14kUso SR
2025-01-17 22:26:45,691 - INFO - helpers_bot.py - [1;33mnightbot[0m:[94m@dani_14k[0m
2025-01-17 22:27:09,735 - INFO - helpers_bot.py - [1;33mdani_14k[0m:[94mojoooooo[0m
2025-01-17 22:27:20,912 - INFO - helpers_bot.py - [1;33myoshiitattv[0m:[94mnice...[0m
2025-01-17 22:27:21,054 - INFO - helpers_bot.py - [1;33mtanijane37[0m:[94m!currentsong[0m
2025-01-17 22:27:21,222 - INFO - helpers_bot.py - [1;33mnightbot[0m:[94m@tanijane37[0m
2025-01-17 22:27:32,655 - INFO - helpers_bot.py - [1;33mtanijane37[0m:[94mojito[0m
2025-01-17 22:27:54,211 - INFO - helpers_bot.py - [1;33myoshiitattv[0m:[94mufggg[0m
2025-01-17 22:27:56,921 - INFO - helpers_bot.py - [1;33myoshiitattv[0m:[94muffd[0m
2025-01-17 22:28:01,637 - INFO - helpers_bot.py - [1;33myoshiitattv[0m:[94mufff[0m
2025-01-17 22:28:14,837 - INFO - helpers_bot.py - [1;33mdani_14k[0m:[94mharder[0m
2025-01-17 22:28:16,483 - INFO - helpers_bot.py - [1;33mmarlightwi[0m:[94mpato[0m
2025-01-17 22:28:22,475 - INFO - helpers_bot.py - [1;33mtanijane37[0m:[94m!sr[0m
2025-01-17 22:28:22,477 - INFO - general.py - tanijane37Uso SR
2025-01-17 22:28:22,765 - INFO - helpers_bot.py - [1;33mnightbot[0m:[94m@tanijane37[0m
2025-01-17 22:28:28,532 - INFO - helpers_bot.py - [1;33mdani_14k[0m:[94msiiiiiii[0m
2025-01-17 22:28:55,692 - INFO - helpers_bot.py - [1;33mdani_14k[0m:[94mojo[0m
2025-01-17 22:28:57,697 - INFO - helpers_bot.py - [1;33malexcorell23[0m:[94mesooo[0m
2025-01-17 22:28:59,813 - INFO - helpers_bot.py - [1;33mdani_14k[0m:[94mdinodance[0m
2025-01-17 22:29:02,426 - INFO - helpers_bot.py - [1;33mtanijane37[0m:[94my[0m
2025-01-17 22:29:16,624 - INFO - helpers_bot.py - [1;33mtanijane37[0m:[94mque[0m
2025-01-17 22:29:19,627 - INFO - helpers_bot.py - [1;33mmarlightwi[0m:[94m@dani_14k[0m
2025-01-17 22:29:28,250 - INFO - helpers_bot.py - [1;33mdani_14k[0m:[94m@marlightwi[0m
2025-01-17 22:29:34,738 - INFO - helpers_bot.py - [1;33mmarlightwi[0m:[94mjinxlul[0m
2025-01-17 22:29:37,255 - INFO - helpers_bot.py - [1;33mtanijane37[0m:[94m@alexcorell23[0m
2025-01-17 22:29:46,914 - INFO - helpers_bot.py - [1;33mdani_14k[0m:[94mdios[0m
2025-01-17 22:30:01,683 - INFO - helpers_bot.py - [1;33mlacrimotaku[0m:[94mya[0m
2025-01-17 22:30:02,582 - INFO - helpers_bot.py - [1;33mtanijane37[0m:[94mjaaja[0m
2025-01-17 22:30:06,068 - INFO - helpers_bot.py - [1;33mdani_14k[0m:[94myo[0m
2025-01-17 22:30:31,745 - INFO - helpers_bot.py - [1;33myoshiitattv[0m:[94mpasaré[0m
2025-01-17 22:30:35,516 - INFO - helpers_bot.py - [1;33mdani_14k[0m:[94m!besar[0m
2025-01-17 22:30:38,363 - INFO - helpers_bot.py - [1;33mdani_14k[0m:[94mxd[0m
2025-01-17 22:30:55,651 - INFO - helpers_bot.py - [1;33mlacrimotaku[0m:[94m!besar[0m
2025-01-17 22:30:58,258 - INFO - helpers_bot.py - [1;33mlacrimotaku[0m:[94m<3[0m
2025-01-17 22:30:58,763 - INFO - helpers_bot.py - [1;33mtanijane37[0m:[94m@yoshiitattv[0m
2025-01-17 22:31:06,950 - INFO - helpers_bot.py - [1;33myoshiitattv[0m:[94m@tanijane37[0m
2025-01-17 22:31:09,700 - INFO - helpers_bot.py - [1;33mdani_14k[0m:[94m!nalgada[0m
2025-01-17 22:31:20,112 - INFO - helpers_bot.py - [1;33mtanijane37[0m:[94mporque[0m
2025-01-17 22:31:27,967 - INFO - helpers_bot.py - [1;33myoshiitattv[0m:[94mhago[0m
2025-01-17 22:31:34,736 - INFO - helpers_bot.py - [1;33myoshiitattv[0m:[94my[0m
2025-01-17 22:31:36,811 - INFO - helpers_bot.py - [1;33mlacrimotaku[0m:[94motaku[0m
2025-01-17 22:31:40,683 - INFO - helpers_bot.py - [1;33mtanijane37[0m:[94msí,[0m
2025-01-17 22:31:52,755 - INFO - helpers_bot.py - [1;33mdani_14k[0m:[94mdann[0m
2025-01-17 22:32:00,999 - INFO - helpers_bot.py - [1;33mdani_14k[0m:[94mjejejej[0m
2025-01-17 22:32:36,713 - INFO - helpers_bot.py - [1;33mtanijane37[0m:[94m@yoshiitattv[0m
2025-01-17 22:32:47,652 - INFO - helpers_bot.py - [1;33mdani_14k[0m:[94mbueno[0m
2025-01-17 22:33:35,717 - INFO - helpers_bot.py - [1;33mtanijane37[0m:[94mque[0m
2025-01-17 22:33:47,646 - INFO - helpers_bot.py - [1;33mdani_14k[0m:[94msi[0m
2025-01-17 22:34:02,328 - INFO - helpers_bot.py - [1;33myoshiitattv[0m:[94mson[0m
2025-01-17 22:34:21,091 - INFO - helpers_bot.py - [1;33mlacrimotaku[0m:[94maquí[0m
2025-01-17 22:34:27,229 - INFO - helpers_bot.py - [1;33mtanijane37[0m:[94mpodría[0m
2025-01-17 22:34:56,075 - INFO - helpers_bot.py - [1;33mtanijane37[0m:[94mno[0m
2025-01-17 22:35:06,732 - INFO - helpers_bot.py - [1;33mdani_14k[0m:[94mno[0m
2025-01-17 22:35:21,577 - INFO - helpers_bot.py - [1;33mlacrimotaku[0m:[94masi[0m
2025-01-17 22:35:46,458 - INFO - helpers_bot.py - [1;33mdani_14k[0m:[94myo[0m
2025-01-17 22:36:01,066 - INFO - helpers_bot.py - [1;33myoshiitattv[0m:[94mes[0m
2025-01-17 22:36:09,525 - INFO - helpers_bot.py - [1;33mtanijane37[0m:[94m@dani_14k[0m
2025-01-17 22:36:18,613 - INFO - helpers_bot.py - [1;33mdani_14k[0m:[94mla[0m
2025-01-17 22:36:32,094 - INFO - helpers_bot.py - [1;33mdani_14k[0m:[94m@tanijane37[0m
2025-01-17 22:36:41,500 - INFO - helpers_bot.py - [1;33mtanijane37[0m:[94mese[0m
2025-01-17 22:36:41,993 - INFO - helpers_bot.py - [1;33mlacrimotaku[0m:[94myo[0m
2025-01-17 22:36:44,650 - INFO - helpers_bot.py - [1;33myoshiitattv[0m:[94mser[0m
2025-01-17 22:37:38,836 - INFO - helpers_bot.py - [1;33mtanijane37[0m:[94m@yoshiitattv[0m
2025-01-17 22:38:18,478 - INFO - helpers_bot.py - [1;33mdani_14k[0m:[94mno[0m
2025-01-17 22:38:24,486 - INFO - helpers_bot.py - [1;33myoshiitattv[0m:[94m@tanijane37[0m
2025-01-17 22:38:44,174 - INFO - helpers_bot.py - [1;33myoshiitattv[0m:[94m@dani_14k[0m
2025-01-17 22:38:54,769 - INFO - helpers_bot.py - [1;33mmarlightwi[0m:[94m@dani_14k[0m
2025-01-17 22:39:16,991 - INFO - helpers_bot.py - [1;33mdani_14k[0m:[94m@marlightwi[0m
2025-01-17 22:39:35,283 - INFO - helpers_bot.py - [1;33mdani_14k[0m:[94mlos[0m
2025-01-17 22:39:35,430 - INFO - helpers_bot.py - [1;33mtanijane37[0m:[94m@yoshiitattv[0m
2025-01-17 22:40:10,786 - INFO - helpers_bot.py - [1;33myoshiitattv[0m:[94m@tanijane37[0m
2025-01-17 22:40:36,115 - INFO - helpers_bot.py - [1;33mtanijane37[0m:[94m@yoshiitattv[0m
2025-01-17 22:41:04,743 - INFO - helpers_bot.py - [1;33myoshiitattv[0m:[94m@tanijane37[0m
2025-01-17 22:41:22,664 - INFO - helpers_bot.py - [1;33mlacrimotaku[0m:[94mmames...[0m
2025-01-17 22:41:28,399 - INFO - helpers_bot.py - [1;33mlacrimotaku[0m:[94mno[0m
2025-01-17 22:41:44,359 - INFO - helpers_bot.py - [1;33mtanijane37[0m:[94m!beso[0m
2025-01-17 22:41:51,465 - INFO - helpers_bot.py - [1;33mtanijane37[0m:[94m!amor[0m
2025-01-17 22:42:04,890 - INFO - helpers_bot.py - [1;33mlacrimotaku[0m:[94msip[0m
2025-01-17 22:42:05,714 - INFO - helpers_bot.py - [1;33mtanijane37[0m:[94momg[0m
2025-01-17 22:42:10,898 - INFO - helpers_bot.py - [1;33mtanijane37[0m:[94msiiii[0m
2025-01-17 22:42:22,465 - INFO - helpers_bot.py - [1;33mdani_14k[0m:[94myo[0m
2025-01-17 22:42:38,506 - INFO - helpers_bot.py - [1;33mtanijane37[0m:[94m!abrazo[0m
2025-01-17 22:42:45,706 - INFO - helpers_bot.py - [1;33mtanijane37[0m:[94m!amor[0m
2025-01-17 22:42:51,262 - INFO - helpers_bot.py - [1;33mtanijane37[0m:[94mbruh[0m
2025-01-17 22:43:01,516 - INFO - helpers_bot.py - [1;33mtanijane37[0m:[94m!current[0m
2025-01-17 22:43:11,769 - INFO - helpers_bot.py - [1;33mtanijane37[0m:[94m!currentsong[0m
2025-01-17 22:43:11,980 - INFO - helpers_bot.py - [1;33mnightbot[0m:[94m@tanijane37[0m
2025-01-17 22:43:12,591 - INFO - helpers_bot.py - [1;33mdani_14k[0m:[94mloslorchipichipi[0m
2025-01-17 22:43:34,941 - INFO - helpers_bot.py - [1;33mlacrimotaku[0m:[94mese[0m
2025-01-17 22:43:51,930 - INFO - helpers_bot.py - [1;33malexcorell23[0m:[94m!abrazo[0m
2025-01-17 22:43:55,976 - INFO - helpers_bot.py - [1;33mdani_14k[0m:[94mcreo[0m
2025-01-17 22:44:12,846 - INFO - helpers_bot.py - [1;33mtanijane37[0m:[94m@dani_14k[0m
2025-01-17 22:44:23,314 - INFO - helpers_bot.py - [1;33mtanijane37[0m:[94mo[0m
2025-01-17 22:44:25,705 - INFO - helpers_bot.py - [1;33mlacrimotaku[0m:[94mshi[0m
2025-01-17 22:44:31,761 - INFO - helpers_bot.py - [1;33mtanijane37[0m:[94men[0m
2025-01-17 22:44:35,858 - INFO - helpers_bot.py - [1;33myoshiitattv[0m:[94m@tanijane37[0m
2025-01-17 22:44:37,287 - INFO - helpers_bot.py - [1;33mmryiin_[0m:[94m!ladrillo[0m
2025-01-17 22:44:37,350 - INFO - helpers_stats.py - Estadísticas actualizadas: ladrillos | channel: 1
2025-01-17 22:44:37,431 - INFO - helpers_stats.py - Estadísticas actualizadas: xp_Resistencia | mryiin_: 0.15
2025-01-17 22:44:37,584 - INFO - helpers_bot.py - [1;33mdani_14k[0m:[94m@tanijane37[0m
2025-01-17 22:44:54,064 - INFO - helpers_bot.py - [1;33myoshiitattv[0m:[94mtodos[0m
2025-01-17 22:45:03,563 - INFO - helpers_bot.py - [1;33myoshiitattv[0m:[94mah[0m
2025-01-17 22:45:08,678 - INFO - helpers_bot.py - [1;33mdani_14k[0m:[94malgo[0m
2025-01-17 22:45:12,641 - INFO - helpers_bot.py - [1;33mlacrimotaku[0m:[94meso[0m
2025-01-17 22:45:26,792 - INFO - helpers_bot.py - [1;33mtanijane37[0m:[94m!sr[0m
2025-01-17 22:45:26,794 - INFO - general.py - tanijane37Uso SR
2025-01-17 22:45:27,241 - INFO - helpers_bot.py - [1;33mnightbot[0m:[94m@tanijane37[0m
2025-01-17 22:45:31,496 - INFO - helpers_bot.py - [1;33mdani_14k[0m:[94malv[0m
2025-01-17 22:45:33,078 - INFO - helpers_bot.py - [1;33mtanijane37[0m:[94mnoo[0m
2025-01-17 22:45:51,865 - INFO - helpers_bot.py - [1;33myoshiitattv[0m:[94mtoquense[0m
2025-01-17 22:45:54,936 - INFO - helpers_bot.py - [1;33myoshiitattv[0m:[94mhahahahah[0m
2025-01-17 22:46:03,802 - INFO - helpers_bot.py - [1;33mlacrimotaku[0m:[94mdejese[0m
2025-01-17 22:46:04,411 - INFO - helpers_bot.py - [1;33mdani_14k[0m:[94mtoquense[0m
2025-01-17 22:46:06,930 - INFO - helpers_bot.py - [1;33mtanijane37[0m:[94m!sr[0m
2025-01-17 22:46:06,932 - INFO - general.py - tanijane37Uso SR
2025-01-17 22:46:07,250 - INFO - helpers_bot.py - [1;33mnightbot[0m:[94m@tanijane37[0m
2025-01-17 22:46:22,872 - INFO - helpers_bot.py - [1;33mdani_14k[0m:[94mdinodance[0m
2025-01-17 22:46:24,830 - INFO - helpers_bot.py - [1;33myoshiitattv[0m:[94moyeee[0m
2025-01-17 22:46:56,503 - INFO - helpers_bot.py - [1;33mtanijane37[0m:[94m!sr[0m
2025-01-17 22:46:56,504 - INFO - general.py - tanijane37Uso SR
2025-01-17 22:46:56,892 - INFO - helpers_bot.py - [1;33mnightbot[0m:[94m@tanijane37[0m
2025-01-17 22:47:00,799 - INFO - helpers_bot.py - [1;33mdani_14k[0m:[94mahhhhhhh[0m
2025-01-17 22:47:12,271 - INFO - helpers_bot.py - [1;33mlacrimotaku[0m:[94mdolor[0m
2025-01-17 22:47:22,433 - INFO - helpers_bot.py - [1;33mtanijane37[0m:[94m!sr[0m
2025-01-17 22:47:22,434 - INFO - general.py - tanijane37Uso SR
2025-01-17 22:47:22,699 - INFO - helpers_bot.py - [1;33mnightbot[0m:[94m@tanijane37[0m
2025-01-17 22:47:32,241 - INFO - helpers_bot.py - [1;33mtanijane37[0m:[94mal[0m
2025-01-17 22:47:46,275 - INFO - helpers_bot.py - [1;33mdani_14k[0m:[94mdolor[0m
2025-01-17 22:48:04,365 - INFO - helpers_bot.py - [1;33mdani_14k[0m:[94mdinodance[0m
2025-01-17 22:48:10,859 - INFO - helpers_bot.py - [1;33mlacrimotaku[0m:[94msi[0m
2025-01-17 22:48:13,320 - INFO - helpers_bot.py - [1;33mdani_14k[0m:[94msi[0m
2025-01-17 22:48:22,443 - INFO - helpers_bot.py - [1;33mdani_14k[0m:[94massshhh[0m
2025-01-17 22:48:52,179 - INFO - helpers_bot.py - [1;33mtanijane37[0m:[94m!sr[0m
2025-01-17 22:48:52,181 - INFO - general.py - tanijane37Uso SR
2025-01-17 22:48:52,295 - INFO - helpers_bot.py - [1;33mnightbot[0m:[94m@tanijane37[0m
2025-01-17 22:48:54,478 - INFO - helpers_bot.py - [1;33mmarlightwi[0m:[94mel[0m
2025-01-17 22:48:54,864 - INFO - helpers_bot.py - [1;33mdani_14k[0m:[94my[0m
2025-01-17 22:49:01,761 - INFO - helpers_bot.py - [1;33mtanijane37[0m:[94m!sr[0m
2025-01-17 22:49:01,763 - INFO - general.py - tanijane37Uso SR
2025-01-17 22:49:02,196 - INFO - helpers_bot.py - [1;33mnightbot[0m:[94m@tanijane37[0m
2025-01-17 22:49:02,376 - INFO - helpers_bot.py - [1;33mdani_14k[0m:[94malv[0m
2025-01-17 22:49:02,592 - INFO - helpers_bot.py - [1;33mlacrimotaku[0m:[94mmameeeeeeeeeeeeees[0m
2025-01-17 22:49:47,066 - INFO - helpers_bot.py - [1;33myoshiitattv[0m:[94m@marlightwi[0m
2025-01-17 22:50:17,626 - INFO - helpers_bot.py - [1;33mtanijane37[0m:[94mfermur[0m
2025-01-17 22:50:30,736 - INFO - helpers_bot.py - [1;33mdanndato[0m:[94mfemur[0m
2025-01-17 22:50:35,015 - INFO - helpers_bot.py - [1;33myoshiitattv[0m:[94m@tanijane37[0m
2025-01-17 22:50:35,487 - INFO - helpers_bot.py - [1;33mtanijane37[0m:[94m@marlightwi[0m
2025-01-17 22:50:35,658 - INFO - helpers_bot.py - [1;33mdani_14k[0m:[94m!ban?[0m
2025-01-17 22:50:47,934 - INFO - helpers_bot.py - [1;33mlacrimotaku[0m:[94mel[0m
2025-01-17 22:50:49,819 - INFO - helpers_bot.py - [1;33mlacrimotaku[0m:[94mxd[0m
2025-01-17 22:50:56,998 - INFO - helpers_bot.py - [1;33myoshiitattv[0m:[94my[0m
2025-01-17 22:51:00,622 - INFO - helpers_bot.py - [1;33mdani_14k[0m:[94my[0m
2025-01-17 22:51:09,763 - INFO - helpers_bot.py - [1;33mtanijane37[0m:[94m!currentsong[0m
2025-01-17 22:51:09,989 - INFO - helpers_bot.py - [1;33mnightbot[0m:[94m@tanijane37[0m
2025-01-17 22:51:41,065 - INFO - helpers_bot.py - [1;33myoshiitattv[0m:[94my[0m
2025-01-17 22:51:54,055 - INFO - helpers_bot.py - [1;33mtanijane37[0m:[94mese[0m
2025-01-17 22:52:04,932 - INFO - helpers_bot.py - [1;33mlacrimotaku[0m:[94maqui[0m
2025-01-17 22:52:11,769 - INFO - helpers_bot.py - [1;33myoshiitattv[0m:[94mesoo[0m
2025-01-17 22:52:15,579 - INFO - helpers_bot.py - [1;33mdani_14k[0m:[94m!sr[0m
2025-01-17 22:52:15,581 - INFO - general.py - dani_14kUso SR
2025-01-17 22:52:16,074 - INFO - helpers_bot.py - [1;33mnightbot[0m:[94m@dani_14k[0m
2025-01-17 22:52:17,213 - INFO - helpers_bot.py - [1;35mmrguerrerodragon03_ se ha unido[0m
2025-01-17 22:52:34,684 - INFO - helpers_bot.py - [1;33mdani_14k[0m:[94m@tanijane37[0m
2025-01-17 22:53:12,403 - INFO - helpers_bot.py - [1;33mtanijane37[0m:[94m@dani_14k[0m
2025-01-17 22:53:15,116 - INFO - helpers_bot.py - [1;33mdani_14k[0m:[94m!sr[0m
2025-01-17 22:53:15,118 - INFO - general.py - dani_14kUso SR
2025-01-17 22:53:15,713 - INFO - helpers_bot.py - [1;33mnightbot[0m:[94m@dani_14k[0m
2025-01-17 22:53:18,096 - INFO - helpers_bot.py - [1;33mlacrimotaku[0m:[94mjajajaja[0m
2025-01-17 22:53:32,133 - INFO - helpers_bot.py - [1;33mdani_14k[0m:[94m@tanijane37[0m
2025-01-17 22:53:40,447 - INFO - helpers_bot.py - [1;33mlacrimotaku[0m:[94mpunchis[0m
2025-01-17 22:53:43,035 - INFO - helpers_bot.py - [1;33mborre_temach[0m:[94mcheer1[0m
2025-01-17 22:53:49,380 - INFO - helpers_bot.py - [1;33mtanijane37[0m:[94m@dani_14k[0m
2025-01-17 22:54:05,069 - INFO - helpers_bot.py - [1;33mlacrimotaku[0m:[94mdan[0m
2025-01-17 22:54:07,258 - INFO - helpers_bot.py - [1;33mtanijane37[0m:[94m!nextsong[0m
2025-01-17 22:54:07,536 - INFO - helpers_bot.py - [1;33mnightbot[0m:[94m@tanijane37[0m
2025-01-17 22:54:09,230 - INFO - helpers_bot.py - [1;33mlacrimotaku[0m:[94mya[0m
2025-01-17 22:54:10,917 - INFO - helpers_bot.py - [1;33mborre_temach[0m:[94mcheer1[0m
2025-01-17 22:54:14,852 - INFO - helpers_bot.py - [1;33mtanijane37[0m:[94mvamonooosss[0m
2025-01-17 22:54:15,654 - INFO - helpers_bot.py - [1;33mdani_14k[0m:[94m!sr[0m
2025-01-17 22:54:15,655 - INFO - general.py - dani_14kUso SR
2025-01-17 22:54:16,095 - INFO - helpers_bot.py - [1;33mnightbot[0m:[94m@dani_14k[0m
2025-01-17 22:54:19,631 - INFO - helpers_bot.py - [1;33mtanijane37[0m:[94mesa[0m
2025-01-17 22:54:27,277 - INFO - helpers_bot.py - [1;33mtanijane37[0m:[94mgoatemotey[0m
2025-01-17 22:54:32,025 - INFO - helpers_bot.py - [1;33mlacrimotaku[0m:[94mvi[0m
2025-01-17 22:54:34,505 - INFO - helpers_bot.py - [1;33mdani_14k[0m:[94mdinodance[0m
2025-01-17 22:54:36,191 - INFO - helpers_bot.py - [1;33mborre_temach[0m:[94mcheer1[0m
2025-01-17 22:54:44,434 - INFO - helpers_bot.py - [1;33mtanijane37[0m:[94mfanpirbeyond[0m
2025-01-17 22:54:45,076 - INFO - helpers_bot.py - [1;33mlacrimotaku[0m:[94mface[0m
2025-01-17 22:54:47,981 - INFO - helpers_bot.py - [1;33mtanijane37[0m:[94mfanpirdisco[0m
2025-01-17 22:54:50,816 - INFO - helpers_bot.py - [1;33mlacrimotaku[0m:[94mface[0m
2025-01-17 22:55:21,489 - INFO - helpers_bot.py - [1;33mdani_14k[0m:[94m@tanijane37[0m
2025-01-17 22:55:25,799 - INFO - helpers_bot.py - [1;35mborre_temach se ha unido[0m
2025-01-17 22:55:40,764 - INFO - helpers_bot.py - [1;33mdani_14k[0m:[94mloslorpedro[0m
2025-01-17 22:55:41,163 - INFO - helpers_bot.py - [1;33mlacrimotaku[0m:[94mlo[0m
2025-01-17 22:55:41,665 - INFO - helpers_bot.py - [1;33mtanijane37[0m:[94m@dani_14k[0m
2025-01-17 22:55:48,236 - INFO - helpers_bot.py - [1;33mtanijane37[0m:[94maa1adelebob[0m
2025-01-17 22:55:53,542 - INFO - helpers_bot.py - [1;33mtanijane37[0m:[94mttcbeerdizzy[0m
2025-01-17 22:56:07,089 - INFO - helpers_bot.py - [1;33myoshiitattv[0m:[94mdaft[0m
2025-01-17 22:56:30,444 - INFO - helpers_bot.py - [1;33mlacrimotaku[0m:[94mel[0m
2025-01-17 22:56:46,644 - INFO - helpers_bot.py - [1;33mdani_14k[0m:[94m!sr[0m
2025-01-17 22:56:46,645 - INFO - general.py - dani_14kUso SR
2025-01-17 22:56:46,947 - INFO - helpers_bot.py - [1;33mnightbot[0m:[94m@dani_14k[0m
2025-01-17 22:57:04,142 - INFO - helpers_bot.py - [1;33mlacrimotaku[0m:[94maaaaaaaaaa....[0m
2025-01-17 22:57:09,893 - INFO - helpers_bot.py - [1;33mtanijane37[0m:[94m@yoshiitattv[0m
2025-01-17 22:57:13,410 - INFO - helpers_bot.py - [1;33mlacrimotaku[0m:[94mhasta[0m
2025-01-17 22:57:17,955 - INFO - helpers_bot.py - [1;33mtanijane37[0m:[94mlizkaywiggle[0m
2025-01-17 22:57:23,813 - INFO - helpers_bot.py - [1;33mtanijane37[0m:[94mlizkaydance[0m
2025-01-17 22:57:34,150 - INFO - helpers_bot.py - [1;33mtanijane37[0m:[94maleolebanana[0m
2025-01-17 22:57:39,368 - INFO - helpers_bot.py - [1;33mtanijane37[0m:[94mqptv1juanbaila2[0m
2025-01-17 22:57:41,125 - INFO - helpers_bot.py - [1;33mdani_14k[0m:[94m!sr[0m
2025-01-17 22:57:41,127 - INFO - general.py - dani_14kUso SR
2025-01-17 22:57:41,658 - INFO - helpers_bot.py - [1;33mnightbot[0m:[94m@dani_14k[0m
2025-01-17 22:57:46,700 - INFO - helpers_bot.py - [1;33mdani_14k[0m:[94mfak[0m
2025-01-17 22:57:47,086 - INFO - helpers_bot.py - [1;33mtanijane37[0m:[94mqptv1niniotristefeliz[0m
2025-01-17 22:57:54,497 - INFO - helpers_bot.py - [1;33mtanijane37[0m:[94malekey1pogo[0m
2025-01-17 22:57:57,215 - INFO - helpers_bot.py - [1;33mlacrimotaku[0m:[94mdiga[0m
2025-01-17 22:58:01,342 - INFO - helpers_bot.py - [1;33mtanijane37[0m:[94mailenashake[0m
2025-01-17 22:58:08,371 - INFO - helpers_bot.py - [1;33myoshiitattv[0m:[94my[0m
2025-01-17 22:58:11,076 - INFO - helpers_bot.py - [1;33mtanijane37[0m:[94mailenaclappy[0m
2025-01-17 22:58:20,047 - INFO - helpers_bot.py - [1;33mtanijane37[0m:[94mwiiiii[0m
2025-01-17 22:58:33,262 - INFO - helpers_bot.py - [1;33mtanijane37[0m:[94msólo[0m
2025-01-17 22:58:59,760 - INFO - helpers_bot.py - [1;33mdani_14k[0m:[94m!sr[0m
2025-01-17 22:58:59,761 - INFO - general.py - dani_14kUso SR
2025-01-17 22:59:00,457 - INFO - helpers_bot.py - [1;33mnightbot[0m:[94m@dani_14k[0m
2025-01-17 22:59:03,383 - INFO - helpers_bot.py - [1;33mlacrimotaku[0m:[94mel[0m
2025-01-17 22:59:04,303 - INFO - helpers_bot.py - [1;33myoshiitattv[0m:[94myo[0m
2025-01-17 22:59:11,924 - INFO - helpers_bot.py - [1;33mtanijane37[0m:[94m!sr[0m
2025-01-17 22:59:11,925 - INFO - general.py - tanijane37Uso SR
2025-01-17 22:59:12,256 - INFO - helpers_bot.py - [1;33mnightbot[0m:[94m@tanijane37[0m
2025-01-17 22:59:30,478 - INFO - helpers_bot.py - [1;33mdani_14k[0m:[94m!sr[0m
2025-01-17 22:59:30,479 - INFO - general.py - dani_14kUso SR
2025-01-17 22:59:30,778 - INFO - helpers_bot.py - [1;33mnightbot[0m:[94m@dani_14k[0m
2025-01-17 22:59:35,043 - INFO - helpers_bot.py - [1;33myoshiitattv[0m:[94mnice...[0m
2025-01-17 22:59:37,575 - INFO - helpers_bot.py - [1;33mlacrimotaku[0m:[94mjalo[0m
2025-01-17 22:59:44,824 - INFO - helpers_bot.py - [1;33mdani_14k[0m:[94mnombre[0m
2025-01-17 22:59:47,645 - INFO - helpers_bot.py - [1;33myoshiitattv[0m:[94mseguiré[0m
2025-01-17 23:00:05,553 - INFO - helpers_bot.py - [1;33mdani_14k[0m:[94m!sr[0m
2025-01-17 23:00:05,554 - INFO - general.py - dani_14kUso SR
2025-01-17 23:00:06,336 - INFO - helpers_bot.py - [1;33mnightbot[0m:[94m@dani_14k[0m
2025-01-17 23:00:11,919 - INFO - helpers_bot.py - [1;33mdani_14k[0m:[94mpor[0m
2025-01-17 23:00:38,467 - INFO - helpers_bot.py - [1;33mlacrimotaku[0m:[94mbrave[0m
2025-01-17 23:00:41,737 - INFO - helpers_bot.py - [1;33mlacrimotaku[0m:[94mxd[0m
2025-01-17 23:00:46,569 - INFO - helpers_bot.py - [1;33mdani_14k[0m:[94m@yoshiitattv[0m
2025-01-17 23:00:52,524 - INFO - helpers_bot.py - [1;33mtanijane37[0m:[94mfirefox[0m
2025-01-17 23:00:54,915 - INFO - helpers_bot.py - [1;33mnightbot[0m:[94msi[0m
2025-01-17 23:01:02,439 - INFO - helpers_bot.py - [1;33mtanijane37[0m:[94mintel[0m
2025-01-17 23:01:04,656 - INFO - helpers_bot.py - [1;33mlacrimotaku[0m:[94mcomo[0m
2025-01-17 23:01:09,647 - INFO - helpers_bot.py - [1;33mdani_14k[0m:[94minternet[0m
2025-01-17 23:01:29,633 - INFO - helpers_bot.py - [1;33myoshiitattv[0m:[94mme[0m
2025-01-17 23:01:36,658 - INFO - helpers_bot.py - [1;33mdanndato[0m:[94mhttps://discord.gg/tmqvymhn[0m
2025-01-17 23:01:40,324 - INFO - helpers_bot.py - [1;33mlacrimotaku[0m:[94mel[0m
2025-01-17 23:02:32,614 - INFO - helpers_bot.py - [1;33mdani_14k[0m:[94mse[0m
2025-01-17 23:02:40,875 - INFO - helpers_bot.py - [1;33mtanijane37[0m:[94mesta[0m
2025-01-17 23:02:44,578 - INFO - helpers_bot.py - [1;33mlacrimotaku[0m:[94myo[0m
2025-01-17 23:02:55,198 - INFO - helpers_bot.py - [1;33mtanijane37[0m:[94mttcloveroll[0m
2025-01-17 23:03:24,506 - INFO - helpers_bot.py - [1;33mdani_14k[0m:[94mna[0m
2025-01-17 23:03:40,096 - INFO - helpers_bot.py - [1;33mtanijane37[0m:[94m@dani_14k[0m
2025-01-17 23:03:40,824 - INFO - helpers_bot.py - [1;33mlacrimotaku[0m:[94mme[0m
2025-01-17 23:03:47,869 - INFO - helpers_bot.py - [1;33mtanijane37[0m:[94mpoco[0m
2025-01-17 23:03:53,148 - INFO - helpers_bot.py - [1;33mlacrimotaku[0m:[94mluego[0m
2025-01-17 23:03:53,313 - INFO - helpers_bot.py - [1;33mdani_14k[0m:[94m@tanijane37[0m
2025-01-17 23:04:19,460 - INFO - helpers_bot.py - [1;33mtanijane37[0m:[94m@dani_14k[0m
2025-01-17 23:04:31,961 - INFO - helpers_bot.py - [1;33mlacrimotaku[0m:[94muff[0m
2025-01-17 23:04:34,566 - INFO - helpers_bot.py - [1;33mlacrimotaku[0m:[94m<3[0m
2025-01-17 23:04:39,966 - INFO - helpers_bot.py - [1;33mdani_14k[0m:[94mdios[0m
2025-01-17 23:04:48,778 - INFO - helpers_bot.py - [1;33mlacrimotaku[0m:[94mque[0m
2025-01-17 23:04:59,504 - INFO - helpers_bot.py - [1;33mlacrimotaku[0m:[94mse[0m
2025-01-17 23:05:05,167 - INFO - helpers_bot.py - [1;33mlacrimotaku[0m:[94mlike[0m
2025-01-17 23:05:09,136 - INFO - helpers_bot.py - [1;33mtanijane37[0m:[94mgoatemotey[0m
2025-01-17 23:05:24,483 - INFO - helpers_bot.py - [1;33mdani_14k[0m:[94mno[0m
2025-01-17 23:05:30,869 - INFO - helpers_bot.py - [1;33mtanijane37[0m:[94msmokin66trippy[0m
2025-01-17 23:05:36,272 - INFO - helpers_bot.py - [1;33mtanijane37[0m:[94msmokin66biggg[0m
2025-01-17 23:06:00,957 - INFO - helpers_bot.py - [1;33mdani_14k[0m:[94mno[0m
2025-01-17 23:06:01,135 - INFO - helpers_bot.py - [1;33mtanijane37[0m:[94m@dani_14k[0m
2025-01-17 23:06:08,130 - INFO - helpers_bot.py - [1;33mtanijane37[0m:[94m!currentsong[0m
2025-01-17 23:06:08,313 - INFO - helpers_bot.py - [1;33mnightbot[0m:[94m@tanijane37[0m
2025-01-17 23:06:33,099 - INFO - helpers_bot.py - [1;33mtanijane37[0m:[94mesta[0m
2025-01-17 23:06:58,569 - INFO - helpers_bot.py - [1;33mdani_14k[0m:[94m@tanijane37[0m
2025-01-17 23:07:27,622 - INFO - helpers_bot.py - [1;33mdani_14k[0m:[94mdinodance[0m
2025-01-17 23:07:37,140 - INFO - helpers_bot.py - [1;33mtanijane37[0m:[94m@dani_14k[0m
2025-01-17 23:07:41,684 - INFO - helpers_bot.py - [1;33mtanijane37[0m:[94m*comooo[0m
2025-01-17 23:07:47,361 - INFO - helpers_bot.py - [1;33mtanijane37[0m:[94m!sr[0m
2025-01-17 23:07:47,362 - INFO - general.py - tanijane37Uso SR
2025-01-17 23:07:47,732 - INFO - helpers_bot.py - [1;33mnightbot[0m:[94m@tanijane37[0m
2025-01-17 23:07:52,615 - INFO - helpers_bot.py - [1;33mdani_14k[0m:[94m!sr[0m
2025-01-17 23:07:52,616 - INFO - general.py - dani_14kUso SR
2025-01-17 23:07:53,184 - INFO - helpers_bot.py - [1;33mnightbot[0m:[94m@dani_14k[0m
2025-01-17 23:08:19,709 - INFO - helpers_bot.py - [1;33mtanijane37[0m:[94m!sr[0m
2025-01-17 23:08:19,710 - INFO - general.py - tanijane37Uso SR
2025-01-17 23:08:20,145 - INFO - helpers_bot.py - [1;33mnightbot[0m:[94m@tanijane37[0m
2025-01-17 23:08:28,623 - INFO - helpers_bot.py - [1;33mdani_14k[0m:[94mesque[0m
2025-01-17 23:08:39,716 - INFO - helpers_bot.py - [1;33mlacrimotaku[0m:[94mno[0m
2025-01-17 23:09:16,774 - INFO - helpers_bot.py - [1;33mdani_14k[0m:[94mloslorchipichipi[0m
2025-01-17 23:09:19,555 - INFO - helpers_bot.py - [1;33mtanijane37[0m:[94m!currentsong[0m
2025-01-17 23:09:19,843 - INFO - helpers_bot.py - [1;33mnightbot[0m:[94m@tanijane37[0m
2025-01-17 23:09:37,721 - INFO - helpers_bot.py - [1;33mtanijane37[0m:[94meste[0m
2025-01-17 23:09:41,835 - INFO - helpers_bot.py - [1;33mdani_14k[0m:[94mla[0m
2025-01-17 23:10:03,019 - INFO - helpers_bot.py - [1;33mdani_14k[0m:[94m@tanijane37[0m
2025-01-17 23:10:26,994 - INFO - helpers_bot.py - [1;33mtanijane37[0m:[94msi,[0m
2025-01-17 23:10:43,651 - INFO - helpers_bot.py - [1;33mtanijane37[0m:[94mya[0m
2025-01-17 23:11:00,455 - INFO - helpers_bot.py - [1;33mdani_14k[0m:[94mcreo[0m
2025-01-17 23:11:24,038 - INFO - helpers_bot.py - [1;33mdani_14k[0m:[94m@tanijane37[0m
2025-01-17 23:11:48,072 - INFO - helpers_bot.py - [1;33mtanijane37[0m:[94m@dani_14k[0m
2025-01-17 23:11:54,912 - INFO - helpers_bot.py - [1;33mdani_14k[0m:[94msoy[0m
2025-01-17 23:12:02,091 - INFO - helpers_bot.py - [1;33mdani_14k[0m:[94m@tanijane37[0m
2025-01-17 23:12:25,757 - INFO - helpers_bot.py - [1;33mtanijane37[0m:[94m@dani_14k[0m
2025-01-17 23:12:28,390 - INFO - helpers_bot.py - [1;33mdani_14k[0m:[94mles[0m
2025-01-17 23:12:42,375 - INFO - helpers_bot.py - [1;33mtanijane37[0m:[94msi[0m
2025-01-17 23:13:04,144 - INFO - helpers_bot.py - [1;33mtanijane37[0m:[94m!currentsong[0m
2025-01-17 23:13:04,405 - INFO - helpers_bot.py - [1;33mnightbot[0m:[94m@tanijane37[0m
2025-01-17 23:13:21,858 - INFO - helpers_bot.py - [1;33mtanijane37[0m:[94mno[0m
2025-01-17 23:13:27,160 - INFO - helpers_bot.py - [1;33mtanijane37[0m:[94mlizkayjam[0m
2025-01-17 23:13:42,268 - INFO - helpers_bot.py - [1;33myoshiitattv[0m:[94mperdón..[0m
2025-01-17 23:13:47,535 - INFO - helpers_bot.py - [1;33mtanijane37[0m:[94m@yoshiitattv[0m
2025-01-17 23:14:03,845 - INFO - helpers_bot.py - [1;33mtanijane37[0m:[94m@yoshiitattv[0m
2025-01-17 23:14:27,231 - INFO - helpers_bot.py - [1;33mtanijane37[0m:[94mtú[0m
2025-01-17 23:14:27,872 - INFO - helpers_bot.py - [1;33mlacrimotaku[0m:[94msomos[0m
2025-01-17 23:14:40,142 - INFO - helpers_bot.py - [1;33myoshiitattv[0m:[94msii..[0m
2025-01-17 23:14:55,175 - INFO - helpers_bot.py - [1;33myoshiitattv[0m:[94m!sr[0m
2025-01-17 23:14:55,177 - INFO - general.py - yoshiitattvUso SR
2025-01-17 23:14:55,853 - INFO - helpers_bot.py - [1;33mnightbot[0m:[94m@yoshiitattv[0m
2025-01-17 23:15:10,656 - INFO - helpers_bot.py - [1;33mlacrimotaku[0m:[94messo[0m
2025-01-17 23:15:14,068 - INFO - helpers_bot.py - [1;33mlacrimotaku[0m:[94m<3[0m
2025-01-17 23:15:15,570 - INFO - helpers_bot.py - [1;33myoshiitattv[0m:[94mme[0m
2025-01-17 23:15:27,978 - INFO - helpers_bot.py - [1;35myoshiitattv se ha unido[0m
2025-01-17 23:15:30,262 - INFO - helpers_bot.py - [1;33mtanijane37[0m:[94msí[0m
2025-01-17 23:15:51,987 - INFO - helpers_bot.py - [1;33mtanijane37[0m:[94m@yoshiitattv[0m
2025-01-17 23:16:21,310 - INFO - helpers_bot.py - [1;33myoshiitattv[0m:[94m!sr[0m
2025-01-17 23:16:21,311 - INFO - general.py - yoshiitattvUso SR
2025-01-17 23:16:21,926 - INFO - helpers_bot.py - [1;33mnightbot[0m:[94m@yoshiitattv[0m
2025-01-17 23:16:30,183 - INFO - helpers_bot.py - [1;33mdani_14k[0m:[94mnaaaa[0m
2025-01-17 23:16:34,266 - INFO - helpers_bot.py - [1;33mtanijane37[0m:[94meeeh[0m
2025-01-17 23:16:48,738 - INFO - helpers_bot.py - [1;33mtanijane37[0m:[94mi'm[0m
2025-01-17 23:16:58,004 - INFO - helpers_bot.py - [1;33mlacrimotaku[0m:[94m@dani_14k[0m
2025-01-17 23:17:09,696 - INFO - helpers_bot.py - [1;33mtanijane37[0m:[94m@dani_14k[0m
2025-01-17 23:17:21,071 - INFO - helpers_bot.py - [1;33mdani_14k[0m:[94men[0m
2025-01-17 23:17:35,481 - INFO - helpers_bot.py - [1;33mtanijane37[0m:[94mte[0m
2025-01-17 23:17:48,639 - INFO - helpers_bot.py - [1;33myoshiitattv[0m:[94m!sr[0m
2025-01-17 23:17:48,639 - INFO - general.py - yoshiitattvUso SR
2025-01-17 23:17:49,246 - INFO - helpers_bot.py - [1;33mnightbot[0m:[94m@yoshiitattv[0m
2025-01-17 23:17:50,914 - INFO - helpers_bot.py - [1;33mlacrimotaku[0m:[94mmameeees[0m
2025-01-17 23:17:52,655 - INFO - helpers_bot.py - [1;33myoshiitattv[0m:[94mcarith1yoshicolor[0m
2025-01-17 23:17:56,025 - INFO - helpers_bot.py - [1;33myoshiitattv[0m:[94mcarith1yoshidqnce[0m
2025-01-17 23:17:57,884 - INFO - helpers_bot.py - [1;33mtanijane37[0m:[94mtwitchconhype[0m
2025-01-17 23:17:58,653 - INFO - helpers_bot.py - [1;33myoshiitattv[0m:[94mcarith1yoshidance[0m
2025-01-17 23:18:00,356 - INFO - helpers_bot.py - [1;33mtanijane37[0m:[94mwuuu[0m
2025-01-17 23:18:01,881 - INFO - helpers_bot.py - [1;33myoshiitattv[0m:[94msrcort1bailepato[0m
2025-01-17 23:18:03,693 - INFO - helpers_bot.py - [1;33mtanijane37[0m:[94mesooooo[0m
2025-01-17 23:18:04,725 - INFO - helpers_bot.py - [1;33myoshiitattv[0m:[94mthemaxterpachanga[0m
2025-01-17 23:18:07,599 - INFO - helpers_bot.py - [1;33myoshiitattv[0m:[94mthemaxterulaula[0m
2025-01-17 23:18:10,281 - INFO - helpers_bot.py - [1;33myoshiitattv[0m:[94mthemaxtermaxter[0m
2025-01-17 23:18:12,819 - INFO - helpers_bot.py - [1;33myoshiitattv[0m:[94mthemaxterjump[0m
2025-01-17 23:18:15,614 - INFO - helpers_bot.py - [1;33myoshiitattv[0m:[94mmickkisanic[0m
2025-01-17 23:18:17,087 - INFO - helpers_bot.py - [1;33mtanijane37[0m:[94mfanpirdisco[0m
2025-01-17 23:18:18,349 - INFO - helpers_bot.py - [1;33myoshiitattv[0m:[94mlapouncheer[0m
2025-01-17 23:18:20,716 - INFO - helpers_bot.py - [1;33myoshiitattv[0m:[94mcarith1yoshicolor[0m
2025-01-17 23:18:23,187 - INFO - helpers_bot.py - [1;33myoshiitattv[0m:[94mcarith1yoshidqnce[0m
2025-01-17 23:18:25,887 - INFO - helpers_bot.py - [1;33myoshiitattv[0m:[94mcarith1yoshidance[0m
2025-01-17 23:18:28,662 - INFO - helpers_bot.py - [1;33myoshiitattv[0m:[94msrcort1bailepato[0m
2025-01-17 23:18:31,118 - INFO - helpers_bot.py - [1;33myoshiitattv[0m:[94mthemaxterpachanga[0m
2025-01-17 23:18:31,857 - INFO - helpers_bot.py - [1;33mtanijane37[0m:[94mttchifishake[0m
2025-01-17 23:18:34,800 - INFO - helpers_bot.py - [1;33mlacrimotaku[0m:[94mtwitchconhype[0m
2025-01-17 23:18:36,003 - INFO - helpers_bot.py - [1;33myoshiitattv[0m:[94mthemaxterulaula[0m
2025-01-17 23:18:38,647 - INFO - helpers_bot.py - [1;33myoshiitattv[0m:[94mcarith1yoshicolor[0m
2025-01-17 23:18:41,049 - INFO - helpers_bot.py - [1;33myoshiitattv[0m:[94mcarith1yoshidqnce[0m
2025-01-17 23:18:43,540 - INFO - helpers_bot.py - [1;33myoshiitattv[0m:[94mcarith1yoshidance[0m
2025-01-17 23:18:46,096 - INFO - helpers_bot.py - [1;33mtanijane37[0m:[94mlizkaywiggle[0m
2025-01-17 23:18:46,512 - INFO - helpers_bot.py - [1;33myoshiitattv[0m:[94msrcort1bailepato[0m
2025-01-17 23:18:49,297 - INFO - helpers_bot.py - [1;33myoshiitattv[0m:[94mthemaxterpachanga[0m
2025-01-17 23:18:51,877 - INFO - helpers_bot.py - [1;33myoshiitattv[0m:[94mthemaxterulaula[0m
2025-01-17 23:18:54,467 - INFO - helpers_bot.py - [1;33myoshiitattv[0m:[94mthemaxterfumado[0m
2025-01-17 23:18:54,689 - INFO - helpers_bot.py - [1;33mdani_14k[0m:[94mloslorpedro[0m
2025-01-17 23:18:57,228 - INFO - helpers_bot.py - [1;33myoshiitattv[0m:[94mthemaxtermaxter[0m
2025-01-17 23:18:59,668 - INFO - helpers_bot.py - [1;33mtanijane37[0m:[94mttcfire[0m
2025-01-17 23:19:00,046 - INFO - helpers_bot.py - [1;33myoshiitattv[0m:[94mthemaxterjump[0m
2025-01-17 23:19:01,565 - INFO - helpers_bot.py - [1;33mlacrimotaku[0m:[94mtwitchconhype[0m
2025-01-17 23:19:01,840 - INFO - helpers_bot.py - [1;33mdani_14k[0m:[94mloslorchipichipi[0m
2025-01-17 23:19:02,792 - INFO - helpers_bot.py - [1;33myoshiitattv[0m:[94mmickkisanic[0m
2025-01-17 23:19:05,387 - INFO - helpers_bot.py - [1;33myoshiitattv[0m:[94mcarith1yoshicolor[0m
2025-01-17 23:19:07,793 - INFO - helpers_bot.py - [1;33myoshiitattv[0m:[94mcarith1yoshidqnce[0m
2025-01-17 23:19:10,342 - INFO - helpers_bot.py - [1;33myoshiitattv[0m:[94mcarith1yoshidance[0m
2025-01-17 23:19:10,671 - INFO - helpers_bot.py - [1;33mdani_14k[0m:[94mdinodance[0m
2025-01-17 23:19:13,275 - INFO - helpers_bot.py - [1;33myoshiitattv[0m:[94mthemaxterlap[0m
2025-01-17 23:19:14,364 - INFO - helpers_bot.py - [1;33mtanijane37[0m:[94mlizkayhyperkay[0m
2025-01-17 23:19:16,127 - INFO - helpers_bot.py - [1;33myoshiitattv[0m:[94mthemaxterjump[0m
2025-01-17 23:19:19,073 - INFO - helpers_bot.py - [1;33myoshiitattv[0m:[94mmickkiyoshibaby[0m
2025-01-17 23:19:23,024 - INFO - helpers_bot.py - [1;33myoshiitattv[0m:[94mmickkisanic[0m
2025-01-17 23:19:23,164 - INFO - helpers_bot.py - [1;33mdani_14k[0m:[94mmostraría[0m
2025-01-17 23:19:25,969 - INFO - helpers_bot.py - [1;33mtanijane37[0m:[94mlizkaypartywolf[0m
2025-01-17 23:19:26,330 - INFO - helpers_bot.py - [1;33myoshiitattv[0m:[94mthemaxterritmo[0m
2025-01-17 23:19:29,633 - INFO - helpers_bot.py - [1;33myoshiitattv[0m:[94mthemaxterlap[0m
2025-01-17 23:19:33,627 - INFO - helpers_bot.py - [1;33myoshiitattv[0m:[94mkrilo1bellaco[0m
2025-01-17 23:19:36,113 - INFO - helpers_bot.py - [1;33mtanijane37[0m:[94malekey1neva[0m
2025-01-17 23:19:36,925 - INFO - helpers_bot.py - [1;33myoshiitattv[0m:[94mthemaxterno[0m
2025-01-17 23:19:39,544 - INFO - helpers_bot.py - [1;33myoshiitattv[0m:[94mthemaxterpachanga[0m
2025-01-17 23:19:41,269 - INFO - helpers_bot.py - [1;33mtanijane37[0m:[94msmokin66strimmer[0m
2025-01-17 23:19:42,112 - INFO - helpers_bot.py - [1;33myoshiitattv[0m:[94mcarith1yoshicolor[0m
2025-01-17 23:19:44,683 - INFO - helpers_bot.py - [1;33myoshiitattv[0m:[94mcarith1yoshidqnce[0m
2025-01-17 23:19:45,163 - INFO - helpers_bot.py - [1;33mdani_14k[0m:[94mdann[0m
2025-01-17 23:19:47,327 - INFO - helpers_bot.py - [1;33myoshiitattv[0m:[94mcarith1yoshidance[0m
2025-01-17 23:19:48,378 - INFO - helpers_bot.py - [1;33mtanijane37[0m:[94msmokin66dj[0m
2025-01-17 23:19:53,562 - INFO - helpers_bot.py - [1;33myoshiitattv[0m:[94mthemaxterjump[0m
2025-01-17 23:19:55,386 - INFO - helpers_bot.py - [1;33mtanijane37[0m:[94malekey1temazoa[0m
2025-01-17 23:19:57,177 - INFO - helpers_bot.py - [1;33myoshiitattv[0m:[94mmickkisanic[0m
2025-01-17 23:19:59,929 - INFO - helpers_bot.py - [1;33myoshiitattv[0m:[94mkrilo1bellaco[0m
2025-01-17 23:20:04,810 - INFO - helpers_bot.py - [1;33mtanijane37[0m:[94mailenautz1[0m
2025-01-17 23:20:07,161 - INFO - helpers_bot.py - [1;33myoshiitattv[0m:[94mmichdi1party[0m
2025-01-17 23:20:12,885 - INFO - helpers_bot.py - [1;33myoshiitattv[0m:[94mmichdi1dance[0m
2025-01-17 23:20:21,393 - INFO - helpers_bot.py - [1;33mtanijane37[0m:[94malekey1hello[0m
2025-01-17 23:20:24,123 - INFO - helpers_bot.py - [1;33myoshiitattv[0m:[94mte[0m
2025-01-17 23:20:29,722 - INFO - helpers_bot.py - [1;33mdani_14k[0m:[94mmostraría[0m
2025-01-17 23:20:31,394 - INFO - helpers_bot.py - [1;33mtanijane37[0m:[94mailenasnow[0m
2025-01-17 23:20:37,678 - INFO - helpers_bot.py - [1;33mtanijane37[0m:[94mailenaboobie[0m
2025-01-17 23:20:43,451 - INFO - helpers_bot.py - [1;33mtanijane37[0m:[94mailenahpumpkinparty[0m
2025-01-17 23:20:52,373 - INFO - helpers_bot.py - [1;33mtanijane37[0m:[94mfanpirmorekaen[0m
2025-01-17 23:20:56,330 - INFO - helpers_bot.py - [1;33mlacrimotaku[0m:[94msi..[0m
2025-01-17 23:20:57,969 - INFO - helpers_bot.py - [1;33mdani_14k[0m:[94mte[0m
2025-01-17 23:21:06,651 - INFO - helpers_bot.py - [1;33mtanijane37[0m:[94msmokin66rockout[0m
2025-01-17 23:21:16,437 - INFO - helpers_bot.py - [1;33mtanijane37[0m:[94mqptv1niniofakar[0m
2025-01-17 23:21:28,777 - INFO - helpers_bot.py - [1;33mtanijane37[0m:[94mqptv1vainandamme[0m
2025-01-17 23:21:34,891 - INFO - helpers_bot.py - [1;33mtanijane37[0m:[94malekey1clap1[0m
2025-01-17 23:21:35,375 - INFO - helpers_bot.py - [1;33mlacrimotaku[0m:[94moiiii[0m
2025-01-17 23:21:41,348 - INFO - helpers_bot.py - [1;33mtanijane37[0m:[94mwuuuuu[0m
2025-01-17 23:21:45,496 - INFO - helpers_bot.py - [1;33mlacrimotaku[0m:[94mrolononaaaa[0m
2025-01-17 23:21:47,862 - INFO - helpers_bot.py - [1;33mtanijane37[0m:[94mtodo[0m
2025-01-17 23:22:02,967 - INFO - helpers_bot.py - [1;33mtanijane37[0m:[94mailenapuls[0m
2025-01-17 23:22:04,895 - INFO - helpers_bot.py - [1;33myoshiitattv[0m:[94mcarith1yoshicolor[0m
2025-01-17 23:22:05,820 - INFO - helpers_bot.py - [1;33mtanijane37[0m:[94mgoatemotey[0m
2025-01-17 23:22:10,218 - INFO - helpers_bot.py - [1;33mlacrimotaku[0m:[94mjinxlul[0m
2025-01-17 23:22:14,696 - INFO - helpers_bot.py - [1;33mtanijane37[0m:[94mttctrain[0m
2025-01-17 23:22:15,750 - INFO - helpers_bot.py - [1;33myoshiitattv[0m:[94mthemaxterritmo[0m
2025-01-17 23:22:18,276 - INFO - helpers_bot.py - [1;33mtanijane37[0m:[94mjinxlul[0m
2025-01-17 23:22:23,154 - INFO - helpers_bot.py - [1;33mtanijane37[0m:[94msmokin66dj[0m
2025-01-17 23:22:29,058 - INFO - helpers_bot.py - [1;33mtanijane37[0m:[94mlizkaywiggle[0m
2025-01-17 23:22:30,365 - INFO - helpers_bot.py - [1;33myoshiitattv[0m:[94mmichdi1dance[0m
2025-01-17 23:22:35,334 - INFO - helpers_bot.py - [1;33myoshiitattv[0m:[94mkarlypluces[0m
2025-01-17 23:22:35,772 - INFO - helpers_bot.py - [1;33mtanijane37[0m:[94msmokin66jiggy[0m
2025-01-17 23:22:41,960 - INFO - helpers_bot.py - [1;33mtanijane37[0m:[94mttcwatrave[0m
2025-01-17 23:22:48,464 - INFO - helpers_bot.py - [1;33mtanijane37[0m:[94malekey1temazoa[0m
2025-01-17 23:22:49,056 - INFO - helpers_bot.py - [1;33myoshiitattv[0m:[94mhypeoho[0m
2025-01-17 23:22:58,879 - INFO - helpers_bot.py - [1;33myoshiitattv[0m:[94mkrilo1frio[0m
2025-01-17 23:22:59,145 - INFO - helpers_bot.py - [1;33mtanijane37[0m:[94msmokin66trippy[0m
2025-01-17 23:23:11,680 - INFO - helpers_bot.py - [1;33myoshiitattv[0m:[94mcarith1yoshicolor[0m
2025-01-17 23:23:16,662 - INFO - helpers_bot.py - [1;33myoshiitattv[0m:[94mkrilo1frio[0m
2025-01-17 23:23:30,293 - INFO - helpers_bot.py - [1;33mdani_14k[0m:[94mlisto[0m
2025-01-17 23:23:34,508 - INFO - helpers_bot.py - [1;33mlacrimotaku[0m:[94meres[0m
2025-01-17 23:23:51,455 - INFO - helpers_bot.py - [1;33mlacrimotaku[0m:[94ma[0m
2025-01-17 23:24:32,748 - INFO - helpers_bot.py - [1;33mtanijane37[0m:[94malekey1y[0m
2025-01-17 23:24:38,855 - INFO - helpers_bot.py - [1;33mtanijane37[0m:[94mfanpirbeyond[0m
2025-01-17 23:24:43,611 - INFO - helpers_bot.py - [1;33mdani_14k[0m:[94mnunca[0m
2025-01-17 23:24:43,974 - INFO - helpers_bot.py - [1;33mtanijane37[0m:[94mailenautz2[0m
2025-01-17 23:25:01,581 - INFO - helpers_bot.py - [1;33myoshiitattv[0m:[94mthemaxterritmo[0m
2025-01-17 23:25:07,160 - INFO - helpers_bot.py - [1;33mlacrimotaku[0m:[94mes[0m
2025-01-17 23:25:17,270 - INFO - helpers_bot.py - [1;33mdani_14k[0m:[94mhola[0m
2025-01-17 23:25:23,311 - INFO - helpers_bot.py - [1;33mtanijane37[0m:[94m!bailar[0m
2025-01-17 23:25:26,837 - INFO - helpers_bot.py - [1;33myoshiitattv[0m:[94mse[0m
2025-01-17 23:25:30,223 - INFO - helpers_bot.py - [1;33mtanijane37[0m:[94mtwitchconhype[0m
2025-01-17 23:25:36,330 - INFO - helpers_bot.py - [1;33mtanijane37[0m:[94m!currentsong[0m
2025-01-17 23:25:36,602 - INFO - helpers_bot.py - [1;33mnightbot[0m:[94m@tanijane37[0m
2025-01-17 23:25:46,685 - INFO - helpers_bot.py - [1;33mtanijane37[0m:[94mesta[0m
2025-01-17 23:25:47,828 - INFO - helpers_bot.py - [1;33mlacrimotaku[0m:[94mcompilla[0m
2025-01-17 23:25:55,469 - INFO - helpers_bot.py - [1;33mtanijane37[0m:[94mailenautz2[0m
2025-01-17 23:26:14,020 - INFO - helpers_bot.py - [1;33mtanijane37[0m:[94mttcaxhype[0m
2025-01-17 23:26:25,412 - INFO - helpers_bot.py - [1;33mdani_14k[0m:[94m@yoshiitattv[0m
2025-01-17 23:26:29,955 - INFO - helpers_bot.py - [1;33mtanijane37[0m:[94mlizkaydance[0m
2025-01-17 23:26:40,559 - INFO - helpers_bot.py - [1;33myoshiitattv[0m:[94m!sr[0m
2025-01-17 23:26:40,560 - INFO - general.py - yoshiitattvUso SR
2025-01-17 23:26:40,863 - INFO - helpers_bot.py - [1;33mdani_14k[0m:[94mesque[0m
2025-01-17 23:26:41,320 - INFO - helpers_bot.py - [1;33mnightbot[0m:[94m@yoshiitattv[0m
2025-01-17 23:26:43,705 - INFO - helpers_bot.py - [1;33mlacrimotaku[0m:[94maqui[0m
2025-01-17 23:26:58,197 - INFO - helpers_bot.py - [1;33mdani_14k[0m:[94mufff[0m
2025-01-17 23:27:00,271 - INFO - helpers_bot.py - [1;33myoshiitattv[0m:[94m!sr[0m
2025-01-17 23:27:00,272 - INFO - general.py - yoshiitattvUso SR
2025-01-17 23:27:00,935 - INFO - helpers_bot.py - [1;33mnightbot[0m:[94m@yoshiitattv[0m
2025-01-17 23:27:02,138 - INFO - helpers_bot.py - [1;33mlacrimotaku[0m:[94mque[0m
2025-01-17 23:27:06,103 - INFO - helpers_bot.py - [1;33myoshiitattv[0m:[94mnice[0m
2025-01-17 23:27:17,467 - INFO - helpers_bot.py - [1;33myoshiitattv[0m:[94mun[0m
2025-01-17 23:27:24,835 - INFO - helpers_bot.py - [1;33myoshiitattv[0m:[94mminimalista[0m
2025-01-17 23:27:29,652 - INFO - helpers_bot.py - [1;33mtanijane37[0m:[94m@yoshiitattv[0m
2025-01-17 23:27:48,890 - INFO - helpers_bot.py - [1;33mlacrimotaku[0m:[94mjajaj[0m
2025-01-17 23:27:50,367 - INFO - helpers_bot.py - [1;33myoshiitattv[0m:[94m@tanijane37[0m
2025-01-17 23:28:08,639 - INFO - helpers_bot.py - [1;33mdani_14k[0m:[94mlos[0m
2025-01-17 23:28:23,946 - INFO - helpers_bot.py - [1;33mtanijane37[0m:[94m@yoshiitattv[0m
2025-01-17 23:28:28,339 - INFO - helpers_bot.py - [1;33mtanijane37[0m:[94mailenamusic[0m
2025-01-17 23:28:29,424 - INFO - helpers_bot.py - [1;33mdani_14k[0m:[94mjajaja[0m
2025-01-17 23:28:33,848 - INFO - helpers_bot.py - [1;33mtanijane37[0m:[94msmokin66dubbydance[0m
2025-01-17 23:28:35,621 - INFO - helpers_bot.py - [1;33mlacrimotaku[0m:[94muyyy[0m
2025-01-17 23:28:40,355 - INFO - helpers_bot.py - [1;33mlacrimotaku[0m:[94mpero[0m
2025-01-17 23:29:23,569 - INFO - helpers_bot.py - [1;33mlacrimotaku[0m:[94mque[0m
2025-01-17 23:29:31,275 - INFO - helpers_bot.py - [1;33mdani_14k[0m:[94moye[0m
2025-01-17 23:29:41,028 - INFO - helpers_bot.py - [1;33mlacrimotaku[0m:[94metcitante[0m
2025-01-17 23:29:50,264 - INFO - helpers_bot.py - [1;33mtanijane37[0m:[94mailenadjane[0m
2025-01-17 23:30:20,188 - INFO - helpers_bot.py - [1;33mdani_14k[0m:[94mnop[0m
2025-01-17 23:30:29,021 - INFO - helpers_bot.py - [1;33mlacrimotaku[0m:[94m4:11[0m
2025-01-17 23:30:38,883 - INFO - helpers_bot.py - [1;33mtanijane37[0m:[94m4[0m
2025-01-17 23:30:44,987 - INFO - helpers_bot.py - [1;33mtanijane37[0m:[94m!currentsong[0m
2025-01-17 23:30:45,196 - INFO - helpers_bot.py - [1;33mnightbot[0m:[94m@tanijane37[0m
2025-01-17 23:30:52,531 - INFO - helpers_bot.py - [1;33mdani_14k[0m:[94mlos[0m
2025-01-17 23:31:00,116 - INFO - helpers_bot.py - [1;33mtanijane37[0m:[94mhermoso[0m
2025-01-17 23:31:00,378 - INFO - helpers_bot.py - [1;33mlacrimotaku[0m:[94ma[0m
2025-01-17 23:31:09,258 - INFO - helpers_bot.py - [1;33mmarlightwi[0m:[94mya[0m
2025-01-17 23:31:12,640 - INFO - helpers_bot.py - [1;33mmarlightwi[0m:[94mnmms[0m
2025-01-17 23:31:15,909 - INFO - helpers_bot.py - [1;33mlacrimotaku[0m:[94mxd[0m
2025-01-17 23:31:18,847 - INFO - helpers_bot.py - [1;33mtanijane37[0m:[94mnooo[0m
2025-01-17 23:31:19,743 - INFO - helpers_bot.py - [1;33mmarlightwi[0m:[94mtengo[0m
2025-01-17 23:31:27,657 - INFO - helpers_bot.py - [1;33mdani_14k[0m:[94mala[0m
2025-01-17 23:31:29,375 - INFO - helpers_bot.py - [1;33mtanijane37[0m:[94mpor[0m
2025-01-17 23:31:32,438 - INFO - helpers_bot.py - [1;33mlacrimotaku[0m:[94mnel[0m
2025-01-17 23:31:50,985 - INFO - helpers_bot.py - [1;33mmarlightwi[0m:[94m@dani_14k[0m
2025-01-17 23:32:02,444 - INFO - helpers_bot.py - [1;33mdani_14k[0m:[94mdann[0m
2025-01-17 23:32:09,326 - INFO - helpers_bot.py - [1;33mmarlightwi[0m:[94mahuehi[0m
2025-01-17 23:32:10,873 - INFO - helpers_bot.py - [1;33mlacrimotaku[0m:[94mes[0m
2025-01-17 23:32:15,278 - INFO - helpers_bot.py - [1;33mtanijane37[0m:[94m@marlightwi[0m
2025-01-17 23:32:15,946 - INFO - helpers_bot.py - [1;33mmarlightwi[0m:[94mpopnemo[0m
2025-01-17 23:32:35,845 - INFO - helpers_bot.py - [1;33mdani_14k[0m:[94m!followage[0m
2025-01-17 23:32:35,845 - INFO - general.py - dani_14kUso followage
2025-01-17 23:32:36,448 - INFO - helpers_bot.py - [1;33mnightbot[0m:[94mdani_14k[0m
2025-01-17 23:32:39,953 - INFO - helpers_bot.py - [1;33mmarlightwi[0m:[94m@tanijane37[0m
2025-01-17 23:32:48,448 - INFO - helpers_bot.py - [1;33mmarlightwi[0m:[94mya[0m
2025-01-17 23:32:55,272 - INFO - helpers_bot.py - [1;33mdani_14k[0m:[94m1[0m
2025-01-17 23:32:57,016 - INFO - helpers_bot.py - [1;33mmarlightwi[0m:[94masí[0m
2025-01-17 23:32:58,751 - INFO - helpers_bot.py - [1;33mtanijane37[0m:[94mjajajajja[0m
2025-01-17 23:33:04,396 - INFO - helpers_bot.py - [1;33mtanijane37[0m:[94mya[0m
2025-01-17 23:33:07,066 - INFO - helpers_bot.py - [1;33myoshiitattv[0m:[94mcarith1yoshicolor[0m
2025-01-17 23:33:15,172 - INFO - helpers_bot.py - [1;33mmarlightwi[0m:[94my[0m
2025-01-17 23:33:17,521 - INFO - helpers_bot.py - [1;33mtanijane37[0m:[94mel[0m
2025-01-17 23:33:24,687 - INFO - helpers_bot.py - [1;33mmarlightwi[0m:[94mnomás[0m
2025-01-17 23:33:30,189 - INFO - helpers_bot.py - [1;33mdani_14k[0m:[94msi[0m
2025-01-17 23:33:39,697 - INFO - helpers_bot.py - [1;33mlacrimotaku[0m:[94msi[0m
2025-01-17 23:33:43,319 - INFO - helpers_bot.py - [1;33mtanijane37[0m:[94m@marlightwi[0m
2025-01-17 23:33:56,540 - INFO - helpers_bot.py - [1;33mmarlightwi[0m:[94m@tanijane37[0m
2025-01-17 23:33:57,790 - INFO - helpers_bot.py - [1;33mdani_14k[0m:[94maquí[0m
2025-01-17 23:34:07,348 - INFO - helpers_bot.py - [1;33mtanijane37[0m:[94m@marlightwi[0m
2025-01-17 23:34:13,671 - INFO - helpers_bot.py - [1;33mlacrimotaku[0m:[94msi[0m
2025-01-17 23:34:15,298 - INFO - helpers_bot.py - [1;33mtanijane37[0m:[94m@dani_14k[0m
2025-01-17 23:34:18,923 - INFO - helpers_bot.py - [1;33mmarlightwi[0m:[94mjdjwwjjsjwj[0m
2025-01-17 23:34:21,337 - INFO - helpers_bot.py - [1;33mdani_14k[0m:[94myo[0m
2025-01-17 23:34:23,961 - INFO - helpers_bot.py - [1;33mtanijane37[0m:[94maquí[0m
2025-01-17 23:34:29,044 - INFO - helpers_bot.py - [1;33mtanijane37[0m:[94mno[0m
2025-01-17 23:34:38,135 - INFO - helpers_bot.py - [1;33mdani_14k[0m:[94m@tanijane37[0m
2025-01-17 23:34:39,737 - INFO - helpers_bot.py - [1;33mlacrimotaku[0m:[94mamonooooos[0m
2025-01-17 23:34:45,424 - INFO - helpers_bot.py - [1;33mtanijane37[0m:[94myo[0m
2025-01-17 23:34:56,485 - INFO - helpers_bot.py - [1;33mtanijane37[0m:[94m@dani_14k[0m
2025-01-17 23:34:57,088 - INFO - helpers_bot.py - [1;33myoshiitattv[0m:[94myo[0m
2025-01-17 23:34:59,993 - INFO - helpers_bot.py - [1;33mdani_14k[0m:[94mxd[0m
2025-01-17 23:35:19,485 - INFO - helpers_bot.py - [1;33myoshiitattv[0m:[94menterada[0m
2025-01-17 23:35:27,210 - INFO - helpers_bot.py - [1;33mmarlightwi[0m:[94momaga[0m
2025-01-17 23:35:28,646 - INFO - helpers_bot.py - [1;33mtanijane37[0m:[94mnimodo[0m
2025-01-17 23:35:58,333 - INFO - helpers_bot.py - [1;33mdani_14k[0m:[94mtani[0m
2025-01-17 23:36:02,198 - INFO - helpers_bot.py - [1;33mmarlightwi[0m:[94m!followage[0m
2025-01-17 23:36:02,199 - INFO - general.py - marlightwiUso followage
2025-01-17 23:36:02,971 - INFO - helpers_bot.py - [1;33mnightbot[0m:[94mmarlightwi[0m
2025-01-17 23:36:07,505 - INFO - helpers_bot.py - [1;33myoshiitattv[0m:[94mun[0m
2025-01-17 23:36:08,530 - INFO - helpers_bot.py - [1;33mmarlightwi[0m:[94mjijijij[0m
2025-01-17 23:36:15,455 - INFO - helpers_bot.py - [1;33mlacrimotaku[0m:[94mme[0m
2025-01-17 23:36:20,231 - INFO - helpers_bot.py - [1;33mdani_14k[0m:[94mparo[0m
2025-01-17 23:36:34,264 - INFO - helpers_bot.py - [1;33mtanijane37[0m:[94mpues[0m
2025-01-17 23:36:39,166 - INFO - helpers_bot.py - [1;33mtanijane37[0m:[94m@dani_14k[0m
2025-01-17 23:36:53,123 - INFO - helpers_bot.py - [1;33mdani_14k[0m:[94m@yoshiitattv[0m
2025-01-17 23:37:03,488 - INFO - helpers_bot.py - [1;33mmarlightwi[0m:[94m@dani_14k[0m
2025-01-17 23:37:06,157 - INFO - helpers_bot.py - [1;33mlacrimotaku[0m:[94mcuando[0m
2025-01-17 23:37:07,789 - INFO - helpers_bot.py - [1;33mtanijane37[0m:[94mjajjaja[0m
2025-01-17 23:37:08,652 - INFO - helpers_bot.py - [1;33mdani_14k[0m:[94m@tanijane37[0m
2025-01-17 23:37:15,256 - INFO - helpers_bot.py - [1;33mdani_14k[0m:[94m@marlightwi[0m
2025-01-17 23:37:24,455 - INFO - helpers_bot.py - [1;33mtanijane37[0m:[94moye[0m
2025-01-17 23:37:33,612 - INFO - helpers_bot.py - [1;33mmarlightwi[0m:[94mweeks[0m
2025-01-17 23:37:34,459 - INFO - helpers_bot.py - [1;33mlacrimotaku[0m:[94mdescansen[0m
2025-01-17 23:37:36,223 - INFO - helpers_bot.py - [1;33mtanijane37[0m:[94mpodemos[0m
2025-01-17 23:37:45,379 - INFO - helpers_bot.py - [1;33mdani_14k[0m:[94myo[0m
2025-01-17 23:37:56,520 - INFO - helpers_bot.py - [1;33mtanijane37[0m:[94mesta[0m
2025-01-17 23:38:02,115 - INFO - helpers_bot.py - [1;33mdani_14k[0m:[94m!bay[0m
2025-01-17 23:38:04,602 - INFO - helpers_bot.py - [1;33myoshiitattv[0m:[94mcuídate[0m
2025-01-17 23:38:06,690 - INFO - helpers_bot.py - [1;33mtanijane37[0m:[94mser[0m
2025-01-17 23:38:07,847 - INFO - helpers_bot.py - [1;33myoshiitattv[0m:[94mcarith1yoshicolor[0m
2025-01-17 23:38:08,301 - INFO - helpers_bot.py - [1;33mmarlightwi[0m:[94mbye[0m
2025-01-17 23:38:08,944 - INFO - helpers_bot.py - [1;33mdani_14k[0m:[94m!adiós[0m
2025-01-17 23:38:11,034 - INFO - helpers_bot.py - [1;33mtanijane37[0m:[94mcuidenseeeen[0m
2025-01-17 23:38:17,391 - INFO - helpers_bot.py - [1;33mtanijane37[0m:[94m!ladrillo[0m
2025-01-17 23:38:17,474 - INFO - helpers_stats.py - Estadísticas actualizadas: ladrillos | channel: 1
2025-01-17 23:38:17,579 - INFO - helpers_stats.py - Estadísticas actualizadas: xp_Resistencia | tanijane37: 0.15
2025-01-17 23:38:18,262 - INFO - helpers_bot.py - [1;33mdani_14k[0m:[94m!adios[0m
2025-01-17 23:38:23,886 - INFO - helpers_bot.py - [1;33mtanijane37[0m:[94m!adios[0m
2025-01-17 23:38:25,395 - INFO - helpers_bot.py - [1;33mmarlightwi[0m:[94mojalá[0m
2025-01-17 23:38:27,322 - INFO - helpers_bot.py - [1;33myoshiitattv[0m:[94m!adiós[0m
2025-01-17 23:38:27,577 - INFO - helpers_bot.py - [1;33mlacrimotaku[0m:[94mbye[0m
2025-01-17 23:38:29,265 - INFO - helpers_bot.py - [1;33mtanijane37[0m:[94m!ladrillo[0m
2025-01-17 23:38:29,322 - INFO - helpers_stats.py - Estadísticas actualizadas: ladrillos | channel: 1
2025-01-17 23:38:29,406 - INFO - helpers_stats.py - Estadísticas actualizadas: xp_Resistencia | tanijane37: 0.15
2025-01-17 23:38:35,737 - INFO - helpers_bot.py - [1;33mdanndato[0m:[94m!endsctream[0m
2025-01-17 23:38:39,017 - INFO - helpers_bot.py - [1;33mdani_14k[0m:[94mya[0m
2025-01-17 23:38:39,478 - INFO - helpers_bot.py - [1;33mdanndato[0m:[94m!end[0m
2025-01-17 23:38:39,551 - INFO - helpers_admin.py - Stream iniciado el 2025-01-17 21:18:17 ha sido finalizado correctamente a las 2025-01-17 23:38:39.
2025-01-17 23:38:39,738 - INFO - helpers_stats.py - Estadísticas actualizadas: top_chatter_day | tanijane37: 1
2025-01-17 23:38:39,793 - INFO - helpers_xp.py - Procesando datos entre 2025-01-17 21:18:17 y 2025-01-17 23:38:39...
2025-01-17 23:38:39,912 - INFO - helpers_stats.py - Estadísticas actualizadas: xp_Resistencia | mrpenguin16: 0.09713236613545426
2025-01-17 23:38:40,016 - INFO - helpers_stats.py - Estadísticas actualizadas: xp_Habilidad | mrpenguin16: 1.7003835884370582
2025-01-17 23:38:40,103 - INFO - helpers_stats.py - Estadísticas actualizadas: xp_Fuerza | mrpenguin16: 0.9956351945975497
2025-01-17 23:38:40,226 - INFO - helpers_stats.py - Estadísticas actualizadas: xp_Resistencia | tanijane37: 0.8888337729948774
2025-01-17 23:38:40,310 - INFO - helpers_stats.py - Estadísticas actualizadas: xp_Habilidad | tanijane37: 2.3142142062804263
2025-01-17 23:38:40,401 - INFO - helpers_stats.py - Estadísticas actualizadas: xp_Fuerza | tanijane37: 2.1571544399062814
2025-01-17 23:38:40,619 - INFO - helpers_stats.py - Estadísticas actualizadas: xp_Resistencia | danndato: 0.4502364088066734
2025-01-17 23:38:40,691 - INFO - helpers_stats.py - Estadísticas actualizadas: xp_Habilidad | danndato: 1.0591218676029603
2025-01-17 23:38:40,803 - INFO - helpers_stats.py - Estadísticas actualizadas: xp_Fuerza | danndato: 0.8195439355418686
2025-01-17 23:38:41,013 - INFO - helpers_stats.py - Estadísticas actualizadas: xp_Resistencia | mryiin_: 0.13297904332492755
2025-01-17 23:38:41,076 - INFO - helpers_stats.py - Estadísticas actualizadas: xp_Habilidad | mryiin_: 1.378404875209022
2025-01-17 23:38:41,167 - INFO - helpers_stats.py - Estadísticas actualizadas: xp_Fuerza | mryiin_: 0.44715803134221915
2025-01-17 23:38:41,432 - INFO - helpers_stats.py - Estadísticas actualizadas: xp_Resistencia | lacrimotaku: 0.6888330986533668
2025-01-17 23:38:41,515 - INFO - helpers_stats.py - Estadísticas actualizadas: xp_Habilidad | lacrimotaku: 1.6653175200988224
2025-01-17 23:38:41,610 - INFO - helpers_stats.py - Estadísticas actualizadas: xp_Fuerza | lacrimotaku: 1.450249108319361
2025-01-17 23:38:41,762 - INFO - helpers_stats.py - Estadísticas actualizadas: xp_Resistencia | alexcorell23: 0.18833333333333332
2025-01-17 23:38:41,851 - INFO - helpers_stats.py - Estadísticas actualizadas: xp_Habilidad | alexcorell23: 1.07496769977314
2025-01-17 23:38:42,011 - INFO - helpers_stats.py - Estadísticas actualizadas: xp_Fuerza | alexcorell23: 0.8808135922807911
2025-01-17 23:38:42,134 - INFO - helpers_stats.py - Estadísticas actualizadas: xp_Resistencia | lauunieves: -0.007176698873074923
2025-01-17 23:38:42,244 - INFO - helpers_stats.py - Estadísticas actualizadas: xp_Habilidad | lauunieves: 0.8660254037844386
2025-01-17 23:38:42,325 - INFO - helpers_stats.py - Estadísticas actualizadas: xp_Fuerza | lauunieves: 0.380211241711606
2025-01-17 23:38:42,559 - INFO - helpers_stats.py - Estadísticas actualizadas: xp_Resistencia | xenogamegd1: 0.20759539941437116
2025-01-17 23:38:42,682 - INFO - helpers_stats.py - Estadísticas actualizadas: xp_Habilidad | xenogamegd1: 2.028905048592105
2025-01-17 23:38:42,792 - INFO - helpers_stats.py - Estadísticas actualizadas: xp_Fuerza | xenogamegd1: 1.2504200023088938
2025-01-17 23:38:43,049 - INFO - helpers_stats.py - Estadísticas actualizadas: xp_Resistencia | duoszcol: -0.013892028836178372
2025-01-17 23:38:43,137 - INFO - helpers_stats.py - Estadísticas actualizadas: xp_Habilidad | duoszcol: 1.0606601717798212
2025-01-17 23:38:43,253 - INFO - helpers_stats.py - Estadísticas actualizadas: xp_Fuerza | duoszcol: 0.44715803134221915
2025-01-17 23:38:43,466 - INFO - helpers_stats.py - Estadísticas actualizadas: xp_Resistencia | dani_14k: 0.7491145176760139
2025-01-17 23:38:43,558 - INFO - helpers_stats.py - Estadísticas actualizadas: xp_Habilidad | dani_14k: 2.1237937752992875
2025-01-17 23:38:43,645 - INFO - helpers_stats.py - Estadísticas actualizadas: xp_Fuerza | dani_14k: 1.9242792860618814
2025-01-17 23:38:43,796 - INFO - helpers_stats.py - Estadísticas actualizadas: xp_Resistencia | el_exo_17: 0.06480869505082519
2025-01-17 23:38:43,879 - INFO - helpers_stats.py - Estadísticas actualizadas: xp_Habilidad | el_exo_17: 2.1245689217929074
2025-01-17 23:38:43,995 - INFO - helpers_stats.py - Estadísticas actualizadas: xp_Fuerza | el_exo_17: 0.8920946026904804
2025-01-17 23:38:44,134 - INFO - helpers_stats.py - Estadísticas actualizadas: xp_Resistencia | mariilyn2_: -0.00023856062735983123
2025-01-17 23:38:44,269 - INFO - helpers_stats.py - Estadísticas actualizadas: xp_Habilidad | mariilyn2_: 1.396424004376894
2025-01-17 23:38:44,375 - INFO - helpers_stats.py - Estadísticas actualizadas: xp_Fuerza | mariilyn2_: 0.380211241711606
2025-01-17 23:38:44,559 - INFO - helpers_stats.py - Estadísticas actualizadas: xp_Resistencia | marlightwi: 0.48353228220125827
2025-01-17 23:38:44,629 - INFO - helpers_stats.py - Estadísticas actualizadas: xp_Habilidad | marlightwi: 1.8973665961010275
2025-01-17 23:38:44,703 - INFO - helpers_stats.py - Estadísticas actualizadas: xp_Fuerza | marlightwi: 1.2148438480476977
2025-01-17 23:38:44,860 - INFO - helpers_stats.py - Estadísticas actualizadas: xp_Resistencia | yoshiitattv: 0.4571502729152365
2025-01-17 23:38:44,959 - INFO - helpers_stats.py - Estadísticas actualizadas: xp_Habilidad | yoshiitattv: 2.3735700087560434
2025-01-17 23:38:45,044 - INFO - helpers_stats.py - Estadísticas actualizadas: xp_Fuerza | yoshiitattv: 1.6324572921847242
2025-01-17 23:38:45,268 - INFO - helpers_stats.py - Estadísticas actualizadas: xp_Resistencia | borre_temach: -0.0012292058156279228
2025-01-17 23:38:45,386 - INFO - helpers_stats.py - Estadísticas actualizadas: xp_Habilidad | borre_temach: 1.6832508230603465
2025-01-17 23:38:45,490 - INFO - helpers_stats.py - Estadísticas actualizadas: xp_Fuerza | borre_temach: 0.4149733479708179
2025-01-17 23:38:45,492 - INFO - helpers_xp.py - Actualización de estadísticas completada.
2025-01-17 23:38:45,709 - INFO - helpers_bot.py - [1;33mdani_14k[0m:[94mjajajajaja[0m
2025-01-17 23:38:55,721 - INFO - helpers_bot.py - [1;33myoshiitattv[0m:[94madiós[0m
2025-01-17 23:39:04,010 - INFO - helpers_bot.py - [1;33mmarlightwi[0m:[94madioooooooooooooooooo[0m
2025-01-17 23:39:12,940 - INFO - helpers_bot.py - [1;33mmarlightwi[0m:[94mcromemenla[0m
2025-01-17 23:39:29,968 - INFO - helpers_bot.py - [1;33mmarlightwi[0m:[94m!insultar[0m
